model,relevance_tier,year,title,authors,source,work_type,doi,landing_page,open_access_status,is_oa,cited_by_count,openalex_id
HYSPLIT,core_or_named_application,2026,Seasonal dispersion and trajectory-based source assessment of particulate air pollutants: an integrated monitoring and HYSPLIT modeling approach,Aniket B. Chavan; Vaibhav A Bokade; Dilip H. Lataye,Environmental Monitoring and Assessment,article,https://doi.org/10.1007/s10661-026-15017-6,https://doi.org/10.1007/s10661-026-15017-6,closed,False,2,https://openalex.org/W7127621864
HYSPLIT,core_or_named_application,2026,A spatial explicit method combining HYSPLIT and random forest for predicting the next-day pollen index at urban scale,Zihang Huang; Teng Fei; Meng Bian,Aerobiologia,article,https://doi.org/10.1007/s10453-025-09896-4,https://doi.org/10.1007/s10453-025-09896-4,hybrid,True,1,https://openalex.org/W7120057560
HYSPLIT,core_or_named_application,2026,"HYSPLIT Back-trajectory script for Figure 1 in ""Contrasting drivers of South Asian summer and winter monsoon evolution during the last deglaciation""",Alexander Budsky; Igor Obreht,Zenodo (CERN European Organization for Nuclear Research),software,https://doi.org/10.5281/zenodo.20133814,https://doi.org/10.5281/zenodo.20133814,green,True,1,https://openalex.org/W7160918259
HYSPLIT,core_or_named_application,2026,Analysis and source identification of dust event in Khuzestan province using MODIS and SENTINEL satellite data and HYSPLIT model (2018–2022),Alireza Yousefi Kebriya; Mehdi Nadi; Ebadat Ghanbari Parmehr; Zhongchang Sun,PLoS ONE,article,https://doi.org/10.1371/journal.pone.0348129,https://doi.org/10.1371/journal.pone.0348129,gold,True,0,https://openalex.org/W7160535889
HYSPLIT,core_or_named_application,2026,Consequence Analysis in the Case of a Severe Accident in Barakah Nuclear Power Plant—Evaluation of Atmospheric Dispersion of Radioactive Materials and Exposure Doses During Severe Accident Using HYSPLIT,Abdulla Bin Tamim; T. Sakai,Springer proceedings in physics,conference-paper,https://doi.org/10.1007/978-981-95-3449-4_25,https://doi.org/10.1007/978-981-95-3449-4_25,closed,False,0,https://openalex.org/W7117960531
HYSPLIT,core_or_named_application,2026,Early retirement of coal-fired power plants in Indonesia: A comprehensive analysis of emissions (from Sentinel 5p and HYSPLIT) and population impact,Dessy Fadiilah; Adrian Dye,Total Environment Advances,article,https://doi.org/10.1016/j.teadva.2026.200145,https://doi.org/10.1016/j.teadva.2026.200145,hybrid,True,0,https://openalex.org/W7129444683
HYSPLIT,core_or_named_application,2026,HYSPLIT,En Li,Zenodo (CERN European Organization for Nuclear Research),software,https://doi.org/10.5281/zenodo.19699171,https://doi.org/10.5281/zenodo.19699171,green,True,0,https://openalex.org/W7155170322
HYSPLIT,core_or_named_application,2026,HYSPLIT,En Li,Zenodo (CERN European Organization for Nuclear Research),software,https://doi.org/10.5281/zenodo.19699172,https://doi.org/10.5281/zenodo.19699172,green,True,0,https://openalex.org/W7155167227
HYSPLIT,core_or_named_application,2026,HYSPLIT air-mass trajectories supporting Valiente et al. (2011),David Corell; María José Estrela; José Antonio Valiente,Open MIND,dataset,https://doi.org/10.5281/zenodo.18448155,,green,True,0,https://openalex.org/W7133125923
HYSPLIT,core_or_named_application,2026,HYSPLIT air-mass trajectories supporting Valiente et al. (2011),David Corell; María José Estrela; José Antonio Valiente,Zenodo (CERN European Organization for Nuclear Research),dataset,https://doi.org/10.5281/zenodo.18448154,https://doi.org/10.5281/zenodo.18448154,green,True,0,https://openalex.org/W7133154971
HYSPLIT,core_or_named_application,2026,"HYSPLIT Back-trajectory script for Figure 1 in ""Contrasting drivers of South Asian summer and winter monsoon evolution during the last deglaciation""",Alexander Budsky; Igor Obreht,Zenodo (CERN European Organization for Nuclear Research),software,https://doi.org/10.5281/zenodo.20133813,https://doi.org/10.5281/zenodo.20133813,green,True,0,https://openalex.org/W7160887105
HYSPLIT,core_or_named_application,2026,"HYSPLIT backtrajectories at Concordia (Dome C), Antarctica - year 2012-2021",Dommergue Aurélien (12),EaSy Data,dataset,https://doi.org/10.57932/261d265a-a2b3-4742-a50e-237b925ffdfb,https://doi.org/10.57932/261d265a-a2b3-4742-a50e-237b925ffdfb,green,True,0,https://openalex.org/W7165960623
HYSPLIT,core_or_named_application,2026,HYSPLIT backward and forward trajectories for analyzing the contribution of wildfire regions to smoke aerosol optical depth over Warsaw,Michalina Broda,RepOD,dataset,https://doi.org/10.18150/xtwnle,https://doi.org/10.18150/xtwnle,green,True,0,https://openalex.org/W7147460102
HYSPLIT,core_or_named_application,2026,"HYSPLIT NetCDF Output for Monthly PM2.5 Plume Modeling at Nine Industrial Facilities in Denver, Colorado",Kelly Graham,Zenodo (CERN European Organization for Nuclear Research),dataset,https://doi.org/10.5281/zenodo.19341315,https://doi.org/10.5281/zenodo.19341315,green,True,0,https://openalex.org/W7143491093
HYSPLIT,core_or_named_application,2026,"HYSPLIT NetCDF Output for Monthly PM2.5 Plume Modeling at Nine Industrial Facilities in Denver, Colorado",Kelly Graham,Zenodo (CERN European Organization for Nuclear Research),dataset,https://doi.org/10.5281/zenodo.19341314,https://doi.org/10.5281/zenodo.19341314,green,True,0,https://openalex.org/W7143303779
HYSPLIT,core_or_named_application,2026,Investigating nuclear events and vector borne disease risk through atmospheric dispersion modelling with HYSPLIT,S. McKeague; Klara Finkele; Saji Varghese,,conference-abstract,https://doi.org/10.5194/egusphere-egu26-7513,https://doi.org/10.5194/egusphere-egu26-7513,gold,True,0,https://openalex.org/W7135245058
HYSPLIT,core_or_named_application,2026,Isotopic Variability in Precipitation: Integrating <scp>HYSPLIT</scp> Raster Data Into Isoscape Modelling,P. L. Moffatt; A. F. Fowler; R. Sánchez‐Murillo; Jan Boll,Hydrological Processes,article,https://doi.org/10.1002/hyp.70393,https://doi.org/10.1002/hyp.70393,hybrid,True,0,https://openalex.org/W7125769236
HYSPLIT,core_or_named_application,2026,Loviisan voimalaitoksen ilma- ja laskeumanäytteenkeräimien sijaintien optimointi: Radioaktiivisten aineiden HYSPLIT-leviämismallinnus,Pirjetta Turunen,Trepo - Institutional Repository of Tampere University,dissertation,,https://trepo.tuni.fi/handle/10024/238270,green,True,0,https://openalex.org/W7166406760
HYSPLIT,core_or_named_application,2026,Monitoring the Hayli Gubbi volcanic SO2 plume using Sentinel-5P data and HYSPLIT model,Abdul Azeez Saleem; Akurathi V. S. Chaitanya; Muhammad Shafeeque; Salim Lateef; Jiya Albert,Results in Earth Sciences,article,https://doi.org/10.1016/j.rines.2026.100161,https://doi.org/10.1016/j.rines.2026.100161,diamond,True,0,https://openalex.org/W7160313728
HYSPLIT,core_or_named_application,2026,"Patterns and influencing factors of water vapor transport in the Yujiang River Basin, Southern China, based on HYSPLIT-4 trajectory and cloud models",Yujun Tan; Xun Li; Xu Dong; Changdi Tao,Stochastic Environmental Research and Risk Assessment,article,https://doi.org/10.1007/s00477-025-03126-6,https://doi.org/10.1007/s00477-025-03126-6,closed,False,0,https://openalex.org/W7125389936
HYSPLIT,core_or_named_application,2026,"Regional transport controls on PM2.5 and aerosol phosphorus in the Mariposa Grove, Sierra Nevada inferred from HYSPLIT back trajectories",Stephen Oni,SSRN Electronic Journal,preprint,https://doi.org/10.2139/ssrn.6175005,https://doi.org/10.2139/ssrn.6175005,green,True,0,https://openalex.org/W7127343369
HYSPLIT,core_or_named_application,2026,Research on Windbreak and Sand-Fixing Ecosystem Service Flow for Ecological Sustainability Based on the HYSPLIT Model—A Case Study of Northern Hebei Mountainous Area,Liu R; X Y Liu; Changbing Zhou; Ping Zhu; Hui Li; Guangjie Wu; Min Ma,Sustainability,article,https://doi.org/10.3390/su18115327,https://doi.org/10.3390/su18115327,gold,True,0,https://openalex.org/W7162344461
HYSPLIT,core_or_named_application,2026,"Running HYSPLIT, processing kml outputs, and processesing GDAS data",Elijah Khan,Zenodo (CERN European Organization for Nuclear Research),book,https://doi.org/10.5281/zenodo.19924614,https://doi.org/10.5281/zenodo.19924614,green,True,0,https://openalex.org/W7159024871
HYSPLIT,core_or_named_application,2026,"Running HYSPLIT, processing kml outputs, and processesing GDAS data",Elijah Khan,Zenodo (CERN European Organization for Nuclear Research),book,https://doi.org/10.5281/zenodo.19924615,https://doi.org/10.5281/zenodo.19924615,green,True,0,https://openalex.org/W7158576206
HYSPLIT,core_or_named_application,2026,"Seasonal Shifts in Aerosol Types and Transport Pathways at Baotou, China: Evidence from AERONET Observations and HYSPLIT Backward Trajectories",Yong Tong; Qingqing He,E3S Web of Conferences,conference-paper,https://doi.org/10.1051/e3sconf/202671701021,https://doi.org/10.1051/e3sconf/202671701021,diamond,True,0,https://openalex.org/W7163684347
HYSPLIT,core_or_named_application,2026,"Seasonal Shifts in Aerosol Types and Transport Pathways at Baotou, China: Evidence from AERONET Observations and HYSPLIT Backward Trajectories",Yong Tong; Qingqing He,Springer Link (Chiba Institute of Technology),article,https://doi.org/10.1051/e3sconf/202671701021/pdf,,closed,False,0,https://openalex.org/W7163889164
HYSPLIT,core_or_named_application,2026,STUDYING AND ANALYSIS OF THE POLLUTANT DISTRIBUTION TRAJECTORY FROM ETHIOPIAN VOLCANO USING HYSPLIT CODE,O. S. Ahmed,International Journal of Advanced Research,article,https://doi.org/10.21474/ijar01/22879,https://doi.org/10.21474/ijar01/22879,hybrid,True,0,https://openalex.org/W7139097763
HYSPLIT,core_or_named_application,2026,Trajektorie wsteczne z modelu HYSPLIT dla Warszawy dla lat 2008-2023,Olga Zawadzka-Mańko,RepOD,dataset,https://doi.org/10.18150/lq0url,https://doi.org/10.18150/lq0url,green,True,0,https://openalex.org/W7147622653
HYSPLIT,core_or_named_application,2025,An investigation of long-term dust storms in western Iran: an insight into emission sources using HYSPLIT model and MERRA-2 data (2012–2018),Mojgan Alainejad; Gholamreza Goudarzi; Reza Jalilzadeh Yengejeh; Amir Hossein Davami; Elham Mobarak Hassan,Natural Hazards,article,https://doi.org/10.1007/s11069-025-07177-4,https://doi.org/10.1007/s11069-025-07177-4,closed,False,4,https://openalex.org/W4408042648
HYSPLIT,core_or_named_application,2025,"Dustfall source-apportionment and source-oriented health risk assessment using unsupervised machine learning, PMF, and HYSPLIT: Insights from a hotspot area in Xinjiang, China",Buweihaidiqie Maitituersun; Long Ma; Yizhen Li; Lingxin Kong; Tao Zeng; Wen Liu; Jilili Abuduwaili,Journal of Hazardous Materials,article,https://doi.org/10.1016/j.jhazmat.2025.140634,https://doi.org/10.1016/j.jhazmat.2025.140634,closed,False,4,https://openalex.org/W4416733383
HYSPLIT,core_or_named_application,2025,Dominant sources of PM2.5 in Kazakhstan's urban cities: A PMF and HYSPLIT-based study for air quality management in Central Asia,Kazbek Tursun; Anara Omarova; Olga P. Ibragimova; Bauyrzhan Bukenov; Madina Tursumbayeva; Ravkat Mukhtarov; Ivan Radelyuk; Serpil Yenisoy; Duran Karakaş; Hatice Ergin; Ferhat Karaca; Nassiba Baimatova,Urban Climate,article,https://doi.org/10.1016/j.uclim.2025.102706,https://doi.org/10.1016/j.uclim.2025.102706,closed,False,3,https://openalex.org/W4416515400
HYSPLIT,core_or_named_application,2025,Utilisation of WRF-HYSPLIT modelling approach and GEMS to identify PM2.5 sources in Central Kalimantan – study case: 2023 forest fire,Amalia Nurlatifah; Prawira Yudha Kombara; Alvin Pratama; Rizky Faristyawan; Aulia Rakhman; Nindia Noviastuti,Journal of Southern Hemisphere Earth System Science,article,https://doi.org/10.1071/es24006,https://doi.org/10.1071/es24006,diamond,True,3,https://openalex.org/W4406205755
HYSPLIT,core_or_named_application,2025,"Air Pollution in a Northwest Chinese Valley City (2020–2024): Integrated WRF-HYSPLIT Modeling of Pollution Characteristics, Meteorological Drivers, and Transport Pathways in Yining",Xiaoqi Liu; Wei Wen; Xin Ma; Dayi Qian; Weiqing Zhang; Shaorui Wang,Toxics,article,https://doi.org/10.3390/toxics13100868,https://doi.org/10.3390/toxics13100868,gold,True,2,https://openalex.org/W4415230369
HYSPLIT,core_or_named_application,2025,A Hybrid HYSPLIT-LSTM approach for predicting radioactive material dispersion from the Zaporizhzhia nuclear power plant,Mehdi Hassanpour; Mehdi Hassanpour; Mohammad Reza Rezaie; Javad Tayebi; Marzieh Hassanpour; Marzieh Hassanpour; Mohammad Rashed Iqbal Faruque; Mayeen Uddin Khandaker; D.A. Bradley,Radiation Physics and Chemistry,article,https://doi.org/10.1016/j.radphyschem.2025.113424,https://doi.org/10.1016/j.radphyschem.2025.113424,closed,False,1,https://openalex.org/W4415717858
HYSPLIT,core_or_named_application,2025,"Dispersion, radiological dose assessment, risk evaluation, and emergency response of radioactive materials based on WRF-HYSPLIT modeling",H. Liu; Guiying You; Chengqiang Lu; Liehui Ge; Peng Yu,Journal of Environmental Radioactivity,article,https://doi.org/10.1016/j.jenvrad.2025.107783,https://doi.org/10.1016/j.jenvrad.2025.107783,closed,False,1,https://openalex.org/W4413445434
HYSPLIT,core_or_named_application,2025,Modeling and validation of airborne effluent dispersion and radiological doses from a VVER-1200 reactor routine operations using HYSPLIT,Shafiqul Islam Faisal; Md. Shafiqul Islam,Annals of Nuclear Energy,article,https://doi.org/10.1016/j.anucene.2025.111986,https://doi.org/10.1016/j.anucene.2025.111986,closed,False,1,https://openalex.org/W4416053250
HYSPLIT,core_or_named_application,2025,The importance of identifying dust sources in urban areas: HYSPLIT analysis and PM <sub>2.5</sub> measurements,Dhurata Premti,E3S Web of Conferences,conference-paper,https://doi.org/10.1051/e3sconf/202566907004,https://doi.org/10.1051/e3sconf/202566907004,diamond,True,1,https://openalex.org/W4416685505
HYSPLIT,core_or_named_application,2025,Trajectory analysis of Mythimna Loreyi migration into Korea using the HYSPLIT model,Juhyeong Han; Sunghoon Baek; Xuejing Wang; Chun‐Sen Ma; Kwang‐Hyung Kim,Scientific Reports,article,https://doi.org/10.1038/s41598-025-07876-9,https://doi.org/10.1038/s41598-025-07876-9,gold,True,1,https://openalex.org/W4411866482
HYSPLIT,core_or_named_application,2025,A Data Conversion and Dispersion Modelling Framework Integrating Monin-Obukhov Length With HYSPLIT for Source Attribution of Regulated Air Pollutants,Faruk Tuna,İYTE (İZMİR YÜKSEK TEKNOLOJİ ENSTİTÜSÜ),dissertation,,https://tez.yok.gov.tr/UlusalTezMerkezi/TezGoster?key=KOgdn9H3uVnWeb15j2W4hyMLKu1-u5iHQ6Y56LV_5QA0NXaw7yrKa63groue2QuE,closed,False,0,https://openalex.org/W7151170830
HYSPLIT,core_or_named_application,2025,A Study Mass Extinction Efficiency (MEE) Calculation and Variability Analysis by Aerosol Source Identification: Application of Horizontal Scanning Lidar and HYSPLIT Model,Jihyun Yoon; Juseon Shin; Sohee Joo; Gahyeon Park; Kim Dukhyeon; Youngmin Noh,,conference-abstract,https://doi.org/10.5194/egusphere-egu25-8397,https://doi.org/10.5194/egusphere-egu25-8397,gold,True,0,https://openalex.org/W4408435819
HYSPLIT,core_or_named_application,2025,Air Quality Management Investigating Atmospheric Mass Transport Pathways in Europe: Forward and Backward HYSPLIT Analysis for Toulouse and Aveiro,Nuhu Auwal Shuaibu; Léa BOURDIE,,dataset,https://doi.org/10.13140/rg.2.2.12668.40324,https://doi.org/10.13140/rg.2.2.12668.40324,gold,True,0,https://openalex.org/W7116931780
HYSPLIT,core_or_named_application,2025,Analysis of Air Pollution Trajectory Using the HYSPLIT Model,Eqiu Alkahfi Tarif; Moehammad Budhicahyanto; Khumaidah Darojat,Journal of Engineering Science and Technology Management (JES-TM),article,https://doi.org/10.31004/jestm.v5i2.424,https://doi.org/10.31004/jestm.v5i2.424,diamond,True,0,https://openalex.org/W7131781001
HYSPLIT,core_or_named_application,2025,"Application of WRF-Chem and HYSPLIT Models for Dust Storm Analysis in Central Iran (Case Study of Isfahan Province, 21–23 May 2016)",Farshad Soleimani Sardoo; Nasim Hossein Hamzeh‎; Nir Y. Krakauer,Atmosphere,article,https://doi.org/10.3390/atmos16040383,https://doi.org/10.3390/atmos16040383,gold,True,0,https://openalex.org/W4408920583
HYSPLIT,core_or_named_application,2025,"Assessing the Impact of the Mount Marapi 2023 Eruption on Air Quality Using Integrated Ground Observations, WRF–HYSPLIT Modeling, and Sentinel-5P Data",Andi Pratama; Farras Ghaly; Andreas Boni Baik; Ridlo Wahyudi Wibowo; Andi Sulistiyono,Research Square,preprint,https://doi.org/10.21203/rs.3.rs-7975724/v1,https://doi.org/10.21203/rs.3.rs-7975724/v1,green,True,0,https://openalex.org/W4417106687
HYSPLIT,core_or_named_application,2025,"CHARACTERIZING AEROSOL PARTICULATE MATTER IN BIEN HOA CITY, DONG NAI PROVINCE: MASS CONCENTRATION LEVELS, RATIOS, AND LONG-RANGE TRANSPORT BY HYSPLIT MODEL",Thanh Tuan Nguyen; Hoang Anh Le; Duy Linh Bui; Duc Thang Nguyen; Thi Thu Ly Nguyen; Thi Thu Thuy Nguyen; Trung Hiếu Vũ,Tạp chí Khoa học và Công nghệ nhiệt đới,article,https://doi.org/10.58334/vrtc.jtst.n39.745,https://doi.org/10.58334/vrtc.jtst.n39.745,bronze,True,0,https://openalex.org/W4414246970
HYSPLIT,core_or_named_application,2025,Cluster analysis of HYSPLIT backward trajectories for major heatwaves in Spain and Ukraine (1940&amp;#8211;2023),Oleg Skrynyk; Oleg Skrynyk; Enric Aguilar; Olesya Skrynyk; Olesya Skrynyk; Caterina Cimolai,,conference-abstract,https://doi.org/10.5194/egusphere-egu25-8195,https://doi.org/10.5194/egusphere-egu25-8195,gold,True,0,https://openalex.org/W4408433790
HYSPLIT,core_or_named_application,2025,CMAQ HYSPLIT CALPUFF va ADMS modellarini ko’rib chiqish va solishtirish.,,,conference-paper,https://doi.org/10.63508/2025digtedu24,https://doi.org/10.63508/2025digtedu24,closed,False,0,https://openalex.org/W4410950472
HYSPLIT,core_or_named_application,2025,Cuencas atmosféricas en una proyección anual del municipio de San José de Cúcuta mediante el modelo HYSPLIT,Deshiret Chuscano Torres; Leidy Tarazona Tobo,Revista Ing-Nova,article,https://doi.org/10.32997/rin-2025-4985,https://doi.org/10.32997/rin-2025-4985,hybrid,True,0,https://openalex.org/W4408962474
HYSPLIT,core_or_named_application,2025,Cálculo de trayectorias de material particulado PM10 con WRF y HYSPLIT: caso de estudio en la cuenca Matanza-Riachuelo,Alejandra Cecilia García; Lucas Zapata; Mariana Clara Dezzutti,El Servicio de Difusión de la Creación Intelectual (National University of La Plata),conference-paper,,http://sedici.unlp.edu.ar/handle/10915/194029,green,True,0,https://openalex.org/W7160578546
HYSPLIT,core_or_named_application,2025,HYSPLIT Simulation Parameters for ALOHA Chemicals,Mark Cohen,National Oceanic and Atmospheric Administration (NOAA) - NOAA Central Library,article,https://doi.org/10.25923/r11x-h059,https://doi.org/10.25923/r11x-h059,green,True,0,https://openalex.org/W7148485062
HYSPLIT,core_or_named_application,2025,HYSPLIT Simulations of Alaskan In-Situ Oil Burns,Mark Cohen,National Oceanic and Atmospheric Administration (NOAA) - NOAA Central Library,article,https://doi.org/10.25923/bq9a-7s03,https://doi.org/10.25923/bq9a-7s03,green,True,0,https://openalex.org/W7153350473
HYSPLIT,core_or_named_application,2025,"Integrated assessment of urban air pollution in South Tangerang, Indonesia: synergizing ground monitoring, Sentinel-5P retrievals, and HYSPLIT trajectory analysis",Yogi Saputra; Hayati Sari Hasibuan; Muhammad Amin,Environmental Monitoring and Assessment,article,https://doi.org/10.1007/s10661-025-14570-w,https://doi.org/10.1007/s10661-025-14570-w,closed,False,0,https://openalex.org/W4415489560
HYSPLIT,core_or_named_application,2025,Integration of MODIS imagery and HYSPLIT simulations for seasonal identification of airspace affected by volcanic ash from Popocatépetl,Carolona Juárez-Pérez; José Carlos Jiménez-Escalona; José Luis Poom-Medina; Alejandro Monsiváis-Huertero; Rodrigo Florêncio da Silva,,conference-paper,https://doi.org/10.1109/lagirs68367.2025.11414807,https://doi.org/10.1109/lagirs68367.2025.11414807,closed,False,0,https://openalex.org/W7133913365
HYSPLIT,core_or_named_application,2025,Modeling and Validation of Airborne Effluent Dispersion and Radiological Doses from a Vver-1200 Reactor Routine Operations Using Hysplit,Shafiqul Islam Faisal; Islam Md Shafiqul,SSRN Electronic Journal,preprint,https://doi.org/10.2139/ssrn.5246209,https://doi.org/10.2139/ssrn.5246209,green,True,0,https://openalex.org/W4410145690
HYSPLIT,core_or_named_application,2025,Predicting Atmospheric Trace Substance Concentrations Using Supervised Machine Learning and HYSPLIT Backward Trajectories,Victor Geiser,Artificial Intelligence for the Earth Systems,article,https://doi.org/10.1175/aies-d-24-0051.1,https://doi.org/10.1175/aies-d-24-0051.1,closed,False,0,https://openalex.org/W4414953899
HYSPLIT,core_or_named_application,2025,Quantifying PM2.5 Pollution and its Mortality Impacts in Islamabad: An Integrated Approach with Observed and Remote Sensing Data Along with HYSPLIT and AirQ+ Models,Roqaia Bibi; Khosro Ashrafi; Sousan Heidari,Journal of Environmental Treatment Techniques,article,https://doi.org/10.18502/jett.v13i2.18539,https://doi.org/10.18502/jett.v13i2.18539,hybrid,True,0,https://openalex.org/W4411616290
HYSPLIT,core_or_named_application,2025,Sentinel-5P Image and HYSPLIT Modeling for Analysis The Distribution of Sulfur Dioxide and The Impact on Acute Respiratory Infection in Surabaya City,Shafa Nabila Prawitasari; Bangun Muljo Sukojo,,conference-paper,https://doi.org/10.1109/agers67633.2025.11446419,https://doi.org/10.1109/agers67633.2025.11446419,closed,False,0,https://openalex.org/W7140435309
HYSPLIT,core_or_named_application,2025,"Simulación de la Difusión de PM2.5, PM10 y SO2 en Dos Zonas Mineras de Huamachuco mediante HYSPLIT",Pedro Amilcar Custodio Laiza,Sciencevolution,article,https://doi.org/10.61325/ser.v4i2.197,https://doi.org/10.61325/ser.v4i2.197,hybrid,True,0,https://openalex.org/W4413073752
HYSPLIT,core_or_named_application,2025,Source Analysis of Ozone Pollution in Liaoyuan City’s Atmosphere Based on Machine Learning Models and HYSPLIT Clustering Method,Xinyu Zou; Xinlong Li; Dali Wang; Wang Ju,Toxics,article,https://doi.org/10.3390/toxics13060500,https://doi.org/10.3390/toxics13060500,gold,True,0,https://openalex.org/W4411350393
HYSPLIT,core_or_named_application,2025,Study on the Characteristics and Sources of Ozone Pollution in Jiangmen City Based on Mutual Information Entropy and HYSPLIT Models,Shan Zhang; Yong Xue; Xiaolu Ling; Botao He; Fujia Zhang; Wenhao Liu,,conference-paper,https://doi.org/10.1109/igarss55030.2025.11242599,https://doi.org/10.1109/igarss55030.2025.11242599,closed,False,0,https://openalex.org/W4416725880
HYSPLIT,core_or_named_application,2025,The importance of identifying dust sources in urban areas: HYSPLIT analysis and PM,Dhurata Premti,Springer Link (Chiba Institute of Technology),article,https://doi.org/10.1051/e3sconf/202566907004/pdf,,closed,False,0,https://openalex.org/W7111351612
HYSPLIT,core_or_named_application,2025,МОДЕЛЮВАННЯ ПОШИРЕННЯ ХІЧІНОГО ЗАБРУДНЕННЯ ПРОГРАМНОМУ МОДУЛІ «HYSPLIT»,"Кружилко, Олег; Чеберячко, Юрій; Шапошникова, Е.",Scientific periodicals of Ukraine,article,,https://confopcbproc.iee.kpi.ua/article/view/344804,closed,False,0,https://openalex.org/W7111707673
HYSPLIT,core_or_named_application,2025,拉格朗日后向轨迹模型（HYSPLIT）主要参数对模拟结果影响规律的研究,悦 姚; 张成福; 雨晴 王; 霜 冯; 林 苗,农业科学,article,https://doi.org/10.32629/as.v8i11.3474,https://doi.org/10.32629/as.v8i11.3474,diamond,True,0,https://openalex.org/W7140641991
HYSPLIT,core_or_named_application,2024,Combined use of HYSPLIT model and MODIS aerosols optical depth to study the spatiotemporal circulation patterns of Saharan dust events over Central Europe,Nadia Gammoudi; János Kovács; Fruzsina Gresina; György Varga,Aeolian Research,article,https://doi.org/10.1016/j.aeolia.2024.100899,https://doi.org/10.1016/j.aeolia.2024.100899,hybrid,True,18,https://openalex.org/W4392706236
HYSPLIT,core_or_named_application,2024,Spatio-temporal assessment of aerosol and cloud properties using MODIS satellite data and a HYSPLIT model: Implications for climate and agricultural systems,Muhammad Haseeb; Zainab Tahir; Syed Amer Mahmood; Saira Batool; Aqil Tariq; Linlin Lu; Walid Soufan,Atmospheric Environment X,article,https://doi.org/10.1016/j.aeaoa.2024.100242,https://doi.org/10.1016/j.aeaoa.2024.100242,gold,True,14,https://openalex.org/W4391649761
HYSPLIT,core_or_named_application,2024,"Improving the atmospheric dispersion forecasts over Washington, D.C. using UrbanNet observations: A study with HYSPLIT model",Nebila Lichiheb; Fong Ngan; Mark Cohen,Urban Climate,article,https://doi.org/10.1016/j.uclim.2024.101948,https://doi.org/10.1016/j.uclim.2024.101948,green,True,11,https://openalex.org/W4396537179
HYSPLIT,core_or_named_application,2024,Simulation and Assessment of Episodic Dust Storms in Eastern Saudi Arabia Using HYSPLIT Trajectory Model and Satellite Observations,A Alzaid; Ismail Anıl; Ömer Ağa,Atmosphere,article,https://doi.org/10.3390/atmos15121515,https://doi.org/10.3390/atmos15121515,gold,True,9,https://openalex.org/W4405530726
HYSPLIT,core_or_named_application,2024,"Assessment of particulate matter and particle path trajectory analysis using a HYSPLIT model over Dire Dawa, Ethiopia",Teshager Argaw Endale; Gelana Amente; Kassahun Ture Beketie; Gudina Legese Feyisa; Haftu Brhane Gebremichael,Discover Applied Sciences,article,https://doi.org/10.1007/s42452-024-05741-4,https://doi.org/10.1007/s42452-024-05741-4,diamond,True,8,https://openalex.org/W4392763791
HYSPLIT,core_or_named_application,2024,"Drivers of High Concentration and Dispersal of PM <sub>10</sub> and PM <sub>2.5</sub> in the Eastern Part of Chhota Nagpur Plateau, India, Investigated Through HYSPLIT Model and Improvement of Environmental Health Quality",Soumik Saha; Sumana Bhattacharjee; Biswajit Bera; Enamul Haque,Environmental Quality Management,article,https://doi.org/10.1002/tqem.22299,https://doi.org/10.1002/tqem.22299,bronze,True,3,https://openalex.org/W4401154271
HYSPLIT,core_or_named_application,2024,Haze Trajectory Simulation System from Forest and Land Fires in Indonesia Using HYSPLIT,Imas Sukaesih Sitanggang; Apriliantono Apriliantono; Lailan Syaufina; Muhammad Asyhar Agmalaro; Husnul Khotimah,Environment and Ecology Research,article,https://doi.org/10.13189/eer.2024.120106,http://dx.doi.org/10.13189/eer.2024.120106,diamond,True,3,https://openalex.org/W4392565160
HYSPLIT,core_or_named_application,2024,Precipitation patterns of nitrogen and phosphorus in reservoirs: A study in typical sand-source area of Inner Mongolia using PMF-HYSPLIT model,Zhuo Li; Junping Lu; Tingxi Liu; Yi Wang; Jiahui Mi; Zhenyu Shi; Chen Feng; Yinghui Liu; Aojie Sun,Journal of Environmental Sciences,article,https://doi.org/10.1016/j.jes.2024.10.016,https://doi.org/10.1016/j.jes.2024.10.016,closed,False,2,https://openalex.org/W4403917354
HYSPLIT,core_or_named_application,2024,"Application of combined WRF-Chem and HYSPLIT models for dust storm detection in Central Iran (case study of Isfahan province, May 21-23, 2016)",Farshad Soleimani Sardoo; Nasim Hossein Hamzeh‎; Nir Y. Krakauer,Research Square,preprint,https://doi.org/10.21203/rs.3.rs-4587802/v1,https://doi.org/10.21203/rs.3.rs-4587802/v1,green,True,1,https://openalex.org/W4400229325
HYSPLIT,core_or_named_application,2024,Characteristics of Water Vapor Transport during the “7·20” Extraordinary Heavy Rain Process in Zhengzhou City Simulated by the HYSPLIT Model,Xiuzhu Sha; Jianfang Ding; Ronghao Chu; Xinxin Ma; Xingyu Li; Yao Xiao; Bo Cheng; Fan Zhang; Can Song; Shanhai Wang,Water,article,https://doi.org/10.3390/w16182607,https://doi.org/10.3390/w16182607,gold,True,1,https://openalex.org/W4402803130
HYSPLIT,core_or_named_application,2024,A Spatial Explicit Method Combining Hysplit and Random Forest for Predicting the Next-Day Pollen Concentration at Urban Scale,Zihang Huang; Fei Teng; Meng Bian,SSRN Electronic Journal,preprint,https://doi.org/10.2139/ssrn.5038806,https://doi.org/10.2139/ssrn.5038806,green,True,0,https://openalex.org/W4405130136
HYSPLIT,core_or_named_application,2024,"Change in the concentration of pollutants in the air over the city of Lucknow, together with HYSPLIT4.0's trajectory and dispersion analysis",Vipin Kumar; Prabhat Kumar Patel,Research Square,preprint,https://doi.org/10.21203/rs.3.rs-4295589/v1,http://dx.doi.org/10.21203/rs.3.rs-4295589/v1,green,True,0,https://openalex.org/W4400691881
HYSPLIT,core_or_named_application,2024,Detection and simulation of Kermanshah dust storm using HYSPLIT and WRF-chem models,Tooba Alizadeh; Majid Rezaei Banafsheh; Hashem Rostamzadeh; Gholamreza Goodarzi; Hedar Maleki; Hamzeh Alizadeh,Journal of Applied Research in Geographical Sciences,article,https://doi.org/10.61186/jgs.24.74.8,http://dx.doi.org/10.61186/jgs.24.74.8,hybrid,True,0,https://openalex.org/W4390773335
HYSPLIT,core_or_named_application,2024,"Improving the Atmospheric Dispersion Forecasts Over Washington, D.C. Using Urbannet Observations: A Study with Hysplit Model",Nebila Lichiheb; Fong Ngan; Mark Cohen,SSRN Electronic Journal,preprint,https://doi.org/10.2139/ssrn.4705311,http://dx.doi.org/10.2139/ssrn.4705311,green,True,0,https://openalex.org/W4391179784
HYSPLIT,core_or_named_application,2024,Isotopic Variability in Precipitation: Integrating HYSPLIT Raster Data,Philip L Moffatt; Ames F Fowler; Ricardo Sánchez‐Murillo; Jan Boll,,preprint,https://doi.org/10.22541/essoar.173463082.28360182/v1,https://doi.org/10.22541/essoar.173463082.28360182/v1,gold,True,0,https://openalex.org/W4405611736
HYSPLIT,core_or_named_application,2024,Path2Vec: A Deep Representation Learning Method for Trajectory Feature Extraction and HYSPLIT Uncertainty Quantification,Ke Ren; Chengyao Jin; Yuxuan Song; Yang Xu; Huijie Zhang,Applied Mathematics and Nonlinear Sciences,article,https://doi.org/10.2478/amns-2024-2258,https://doi.org/10.2478/amns-2024-2258,gold,True,0,https://openalex.org/W4402781681
HYSPLIT,core_or_named_application,2024,Spatio-Temporal Dynamics of Aerosol Optical Thickness derived Using MODIS-MAIAC Algorithm at a High Spatial Resolution Along with the HYSPLIT Trajectory Model,Akshay Chauhan; Namrata Jariwala; Robin A. Christian,Aerosol Science and Engineering,article,https://doi.org/10.1007/s41810-024-00217-9,http://dx.doi.org/10.1007/s41810-024-00217-9,closed,False,0,https://openalex.org/W4392383480
HYSPLIT,core_or_named_application,2024,Utilizing HYSPLIT for Emergency Response Modeling at SRS,Ian Earley; Brian Viner; Arelis Rivera-Giboyeaux,,conference-paper,https://doi.org/10.2172/2406245,https://doi.org/10.2172/2406245,gold,True,0,https://openalex.org/W4401007100
HYSPLIT,core_or_named_application,2024,Utilizing HYSPLIT for Emergency Response Modeling at SRS,Ian Earley; Joseph Wermter,,report,https://doi.org/10.2172/2406188,https://doi.org/10.2172/2406188,gold,True,0,https://openalex.org/W4401007042
HYSPLIT,core_or_named_application,2023,Identifying the natural and anthropogenic drivers of absorbing aerosols using OMI data and HYSPLIT model over South Asia,Hasan Nawaz; Salman Tariq; Zia ul Haq; Usman Mehmood,Air Quality Atmosphere & Health,article,https://doi.org/10.1007/s11869-023-01423-z,https://doi.org/10.1007/s11869-023-01423-z,hybrid,True,17,https://openalex.org/W4386447284
HYSPLIT,core_or_named_application,2023,Identifikasi Sumber Particulate Matter (PM) 2.5 di Sorong Berdasarkan READY Hysplit Backward Trajectory,Nuryanto Nuryanto; Shelin Melinda,Buletin GAW Bariri,article,https://doi.org/10.31172/bgb.v4i1.80,https://doi.org/10.31172/bgb.v4i1.80,diamond,True,5,https://openalex.org/W4380148499
HYSPLIT,core_or_named_application,2023,Identifying Dust Sources Affecting Southwestern Iran (Khuzestan Province) Using Remote Sensing Techniques and HYSPLIT Model,Fatemeh Dargahian; Yousef Mousivand; Samaneh Razavizadeh; Sakine Lotfinasabasl,Journal of the Indian Society of Remote Sensing,article,https://doi.org/10.1007/s12524-022-01648-y,https://doi.org/10.1007/s12524-022-01648-y,closed,False,5,https://openalex.org/W4313513291
HYSPLIT,core_or_named_application,2023,Simulating precipitation stable isotopes and tracking moisture sources in Qaidam Basin combining GCMs and HYSPLIT,Xi Zhang; Jiaqi Chen; Jiansheng Chen; Tao Wang; Fenyan Ma; Liwen Han; Xiaohui Ma; Liwen Han; Xiaohui Ma,Journal of Radioanalytical and Nuclear Chemistry,article,https://doi.org/10.1007/s10967-023-09180-0,https://doi.org/10.1007/s10967-023-09180-0,closed,False,3,https://openalex.org/W4387906738
HYSPLIT,core_or_named_application,2023,[Analysis of Causes and Sources of Summer Ozone Pollution in Rizhao Based on CMAQ and HYSPLIT Models].,Xin Lin; Tong Ji-long; Yifan Wang; Yuxiang Chen; Yong-le Liu; Xin Zhang; Cong-Jie Ao; Hao-Tian Liu,PubMed,other,https://doi.org/10.13227/j.hjkx.202207223,https://pubmed.ncbi.nlm.nih.gov/37309929,closed,False,2,https://openalex.org/W4380422658
HYSPLIT,core_or_named_application,2023,"Activity Concentrations of Cs-137, Sr-90, Am-241, Pu-238, and Pu-239+240 and an Assessment of Pollution Sources Based on Isotopic Ratio Calculations and the HYSPLIT Model in Tundra Landscapes (Subarctic Zone of Russia)",Andrey Puchkov; Evgeny Yakovlev,Applied Sciences,article,https://doi.org/10.3390/app132312952,https://doi.org/10.3390/app132312952,gold,True,2,https://openalex.org/W4389299967
HYSPLIT,core_or_named_application,2023,Estimation of power plant SO <sub>2</sub> emissions using the HYSPLIT dispersion model and airborne observations with plume rise ensemble runs,Tianfeng Chai; Xinrong Ren; Fong Ngan; Mark Cohen; Alice Crawford,Atmospheric chemistry and physics,article,https://doi.org/10.5194/acp-23-12907-2023,https://doi.org/10.5194/acp-23-12907-2023,gold,True,2,https://openalex.org/W4387633066
HYSPLIT,core_or_named_application,2023,Simulation of Water Vapor Source and Correlation Analysis with Precipitation in Liupan Mountain Based on HYSPLIT Model,峰 李,Operations Research and Fuzziology,article,https://doi.org/10.12677/orf.2023.133231,https://doi.org/10.12677/orf.2023.133231,closed,False,2,https://openalex.org/W4382564961
HYSPLIT,core_or_named_application,2023,Estimation of power plant SO <sub>2</sub> emissions using HYSPLIT dispersion model and airborne observations with plume rise ensemble runs,Tianfeng Chai; Xinrong Ren; Fong Ngan; Mark Cohen; Alice Crawford,,preprint,https://doi.org/10.5194/egusphere-2023-329,https://doi.org/10.5194/egusphere-2023-329,gold,True,1,https://openalex.org/W4324088764
HYSPLIT,core_or_named_application,2023,Simulation of cucumber downy mildew Spread and sedimentation based on HYSPLIT,Guilin Xu; Han Ping Mao,JOURNAL OF ADVANCES IN AGRICULTURE,article,https://doi.org/10.24297/jaa.v14i.9457,https://doi.org/10.24297/jaa.v14i.9457,diamond,True,1,https://openalex.org/W4379141279
HYSPLIT,core_or_named_application,2023,Transboundary Air Pollution in the Krakow Agglomeration Using the HYSPLIT Model,Maciej CIEPIELA; Wiktoria Sobczyk,Inżynieria Mineralna,article,https://doi.org/10.29227/im-2023-01-20,https://doi.org/10.29227/im-2023-01-20,diamond,True,1,https://openalex.org/W4386204616
HYSPLIT,core_or_named_application,2023,Analisis Trayektori Kabut Asap di Bandara Supadio Pontianak Menggunakan Model HYSPLIT (Studi Kasus 14-17 September 2019),Syntia Apriani; Yoga Satria Putra; Jasisca Meirany,PRISMA FISIKA,article,https://doi.org/10.26418/pf.v10i3.58088,http://dx.doi.org/10.26418/pf.v10i3.58088,diamond,True,0,https://openalex.org/W4390373387
HYSPLIT,core_or_named_application,2023,HYSPLIT Results,Nina Holzbach,Zenodo (CERN European Organization for Nuclear Research),dataset,https://doi.org/10.5281/zenodo.8348667,https://doi.org/10.5281/zenodo.8348667,green,True,0,https://openalex.org/W4393653037
HYSPLIT,core_or_named_application,2023,HYSPLIT Results,Nina Holzbach,Zenodo (CERN European Organization for Nuclear Research),dataset,https://doi.org/10.5281/zenodo.8351690,https://zenodo.org/record/8351690,green,True,0,https://openalex.org/W4393613210
HYSPLIT,core_or_named_application,2023,HYSPLIT Results,Nina Holzbach,Zenodo (CERN European Organization for Nuclear Research),dataset,https://doi.org/10.5281/zenodo.8353115,https://zenodo.org/record/8353115,green,True,0,https://openalex.org/W4393843023
HYSPLIT,core_or_named_application,2023,HYSPLIT Results,Nina Holzbach,Zenodo (CERN European Organization for Nuclear Research),dataset,https://doi.org/10.5281/zenodo.8352685,https://zenodo.org/record/8352685,green,True,0,https://openalex.org/W4394031489
HYSPLIT,core_or_named_application,2023,HYSPLIT Results 2016-11,Nina Holzbach,Zenodo (CERN European Organization for Nuclear Research),dataset,https://doi.org/10.5281/zenodo.8348668,https://zenodo.org/record/8348668,green,True,0,https://openalex.org/W4394030619
HYSPLIT,core_or_named_application,2023,HYSPLIT Results 2016-11,Nina Holzbach,Zenodo (CERN European Organization for Nuclear Research),dataset,https://doi.org/10.5281/zenodo.8348794,https://zenodo.org/record/8348794,green,True,0,https://openalex.org/W4393654842
HYSPLIT,core_or_named_application,2023,Peer review files HYSPLIT data,Annabel,Zenodo (CERN European Organization for Nuclear Research),dataset,https://doi.org/10.5281/zenodo.8329967,https://doi.org/10.5281/zenodo.8329967,green,True,0,https://openalex.org/W4393623257
HYSPLIT,core_or_named_application,2023,Peer review files HYSPLIT data,Annabel,Zenodo (CERN European Organization for Nuclear Research),dataset,https://doi.org/10.5281/zenodo.8329968,https://zenodo.org/record/8329968,green,True,0,https://openalex.org/W4394043343
HYSPLIT,core_or_named_application,2023,SIMULATION OF HYSPLIT OF AIR POLLUTION IMPACT TOWARDS AGRICULTURAL GROWTH IN KEDAH DURING SOUTHWEST MONSOON SEASON IN 2019,Thurgeswary Kumarasamy,,article,https://doi.org/10.35934/segi.v8i2.83,http://dx.doi.org/10.35934/segi.v8i2.83,gold,True,0,https://openalex.org/W4396910583
HYSPLIT,core_or_named_application,2023,日中韓の原発で重大事故が起きた場合の同地域での放射性物質被害の推定 : HYSPLITモデルによる推定,秀澈 李; Eva Lisowski; 瑋生 周; 健一 松本; 態妍 李; 堅一 大島; 蕙琳 柳; Jungmin Kang,Institutional Repositories DataBase (IRDB),article,,https://mylib.meijo-u.ac.jp/iwjs0028opc/TC05313896,green,True,0,https://openalex.org/W7145347546
HYSPLIT,core_or_named_application,2022,"Characteristics, non-carcinogenic risk assessment and prediction by HYSPLIT of bioaerosol released from Hospital and Municipal Sewage, China",Yanjie Wang; Song Zhang; Qing Hong; Huiling Song; Liying Yang; Kai Yang; Hui Xu; Fangfang Yu,Ecotoxicology and Environmental Safety,article,https://doi.org/10.1016/j.ecoenv.2022.114131,https://doi.org/10.1016/j.ecoenv.2022.114131,gold,True,23,https://openalex.org/W4298152995
HYSPLIT,core_or_named_application,2022,"Variation of ambient air pollutants concentration over Lucknow city, trajectories and dispersion analysis using HYSPLIT4.0",Divyanshu Saini; Namrata Mishra; Dilip H. Lataye,Sadhana,article,https://doi.org/10.1007/s12046-022-02001-2,https://doi.org/10.1007/s12046-022-02001-2,bronze,True,20,https://openalex.org/W4308748361
HYSPLIT,core_or_named_application,2022,"Evaluation of pollution indices, health hazards and source identification of heavy metal in dust particles and storm trajectory simulation using HYSPLIT model (Case study: Hendijan center dust, southwest of Iran)",Seyedeh Akram Jooybari; Hamidreza Peyrowan; Payman Rezaee; Hamid Gholami,Environmental Monitoring and Assessment,article,https://doi.org/10.1007/s10661-022-09760-9,https://doi.org/10.1007/s10661-022-09760-9,closed,False,19,https://openalex.org/W4206175335
HYSPLIT,core_or_named_application,2022,Sentinel-2 satellite and HYSPLIT model suggest that local cereal harvesting substantially contribute to peak Alternaria spore concentrations,Godfrey Apangu; Beverley Adams‐Groom; Jack Satchwell; Catherine H. Pashley; Małgorzata Werner; Maciej Kryza; Mariusz Szymanowski; Małgorzata Malkiewicz; Nicolas Bruffaerts; Lucie Hoebeke; Agnieszka Grinn‐Gofroń; Łukasz Grewling; Nestor González Roldán; G. Oliver; C. Sindt; Mathilde Kloster; Carsten Ambelas Skjøth,Agricultural and Forest Meteorology,article,https://doi.org/10.1016/j.agrformet.2022.109156,https://doi.org/10.1016/j.agrformet.2022.109156,closed,False,12,https://openalex.org/W4296337509
HYSPLIT,core_or_named_application,2022,Testing HYSPLIT Plume Dispersion Model Performance Using Regional Hydrocarbon Monitoring Data during a Gas Well Blowout,Gunnar W. Schade; Mitchell L. Gregg,Atmosphere,article,https://doi.org/10.3390/atmos13030486,https://doi.org/10.3390/atmos13030486,gold,True,10,https://openalex.org/W4220898375
HYSPLIT,core_or_named_application,2022,"Lagrangian particle dispersion (HYSPLIT) model analysis of the sea breeze case with extreme mean daily PM10 concentration in Split, Croatia",Tanja Trošić; Anita Filipčić,Environmental Science and Pollution Research,article,https://doi.org/10.1007/s11356-022-20918-3,https://doi.org/10.1007/s11356-022-20918-3,closed,False,9,https://openalex.org/W4281550701
HYSPLIT,core_or_named_application,2022,Application of the HYSPLIT model for birch pollen modelling in Poland,Daria Bilińska; Małgorzata Werner; Maciej Kryza; Małgorzata Malkiewicz; Piotr Rapiejko; Kazimiera Chłopek; Katarzyna Dąbrowska-Zapart; Agnieszka Lipiec; Dariusz Jurkiewicz; Ewa Kalinowska; Barbara Majkowska‐Wojciechowska; Dorota Myszkowska; Krystyna Piotrowska-Weryszko; Małgorzata Puc; Anna Rapiejko; Grzegorz Siergiejko; Elżbieta Weryszko‐Chmielewska; Andrzej Wieczorkiewicz; Monika Ziemianin,Aerobiologia,article,https://doi.org/10.1007/s10453-021-09737-0,https://doi.org/10.1007/s10453-021-09737-0,hybrid,True,8,https://openalex.org/W4210650090
HYSPLIT,core_or_named_application,2022,Identifying the moisture source of atmospheric precipitation in a typical alpine river watershed using stable H–O isotopes and HYSPLIT model,Tianning Li; Wenbo Rao; Hongbing Tan; Yaowei Li; Tao Tan,Arabian Journal of Geosciences,article,https://doi.org/10.1007/s12517-022-09596-0,https://doi.org/10.1007/s12517-022-09596-0,closed,False,8,https://openalex.org/W4210846239
HYSPLIT,core_or_named_application,2022,Particle Sedimentation in Numerical Modelling: A Case Study from the Puyehue-Cordón Caulle 2011 Eruption with the PLUME-MoM/HYSPLIT Models,Alessandro Tadini; Mathieu Gouhier; Franck Donnadieu; Mattia de’ Michieli Vitturi; Federica Pardini,Atmosphere,article,https://doi.org/10.3390/atmos13050784,https://doi.org/10.3390/atmos13050784,gold,True,4,https://openalex.org/W4280529383
HYSPLIT,core_or_named_application,2022,HYSPLIT/MACCS Atmospheric Dispersion Model Technical Documentation and Benchmark Analysis,Daniel Clayton; Nathan E. Bixler; Keith L. Compton,,report,https://doi.org/10.2172/1865261,https://doi.org/10.2172/1865261,green,True,3,https://openalex.org/W4281563711
HYSPLIT,core_or_named_application,2022,Transmission of Seeding Agent for Aircraft Precipitation Enhancement Based on the HYSPLIT Model,Xiuzhu Sha; Ronghao Chu; Meng Li; Yao Xiao; Jianfang Ding; Lisha Feng,Atmosphere,article,https://doi.org/10.3390/atmos13091508,https://doi.org/10.3390/atmos13091508,gold,True,2,https://openalex.org/W4296097264
HYSPLIT,core_or_named_application,2022,AIR QUALITY INFLUENCE OF SELECTED POLLUTANTS EMITTED FROM A FIRE OF 300 MG OF MUNICIPAL WASTE ON AMBIENT AIR QUALITY:AN EXAMPLE OF MODELLING WITH HYSPLIT,Wioletta Rogula–Kozłowska; Jan Stefan Bihałowicz,Zeszyty Naukowe SGSP,article,https://doi.org/10.5604/01.3001.0016.0222,https://doi.org/10.5604/01.3001.0016.0222,diamond,True,1,https://openalex.org/W4297999092
HYSPLIT,core_or_named_application,2022,Transport of Particulate Matter Due to Meteorological Changes Analyzed by HYSPLIT,Mariselvam Ammasi Krishnan; Padmanabhan Krishnaswami; Muthu Ram Pazhani Selvam; Vinnarasi Anthony Dass; Ragu Thangavel; S. Sivanesan,Revista de Chimie,article,https://doi.org/10.37358/rc.22.4.8542,https://doi.org/10.37358/rc.22.4.8542,diamond,True,1,https://openalex.org/W4307870067
HYSPLIT,core_or_named_application,2022,"Analysis of Transport Channel and Pollution Source Area of Atmospheric Particulate Matter in Beijing, China Based on Hybrid Single-Particle Lagrangian Integrated Trajectory Model",Jianmin Chen; Chaobin Zhou,Journal of Environmental Informatics Letters,article,https://doi.org/10.3808/jeil.202200081,https://doi.org/10.3808/jeil.202200081,diamond,True,0,https://openalex.org/W4285106151
HYSPLIT,core_or_named_application,2022,"Granulometric, Mineralogical, and HYSPLIT Analysis of Siliciclastic Sediments Derived from Sahara",A. C. Kovacs; György Varga; Nadia Gammoudi; János Kovács,"Advances in Science, Technology & Innovation/Advances in science, technology & innovation",conference-paper,https://doi.org/10.1007/978-3-030-72543-3_14,https://doi.org/10.1007/978-3-030-72543-3_14,closed,False,0,https://openalex.org/W4210523185
HYSPLIT,core_or_named_application,2022,HYSPLIT ensemble model output for case studies,Rosa Trancoso; Yannik Behr; Tony Hurst; Natalia I. Deligne,Zenodo (CERN European Organization for Nuclear Research),dataset,https://doi.org/10.5281/zenodo.6363618,https://doi.org/10.5281/zenodo.6363618,green,True,0,https://openalex.org/W4393498415
HYSPLIT,core_or_named_application,2022,HYSPLIT ensemble model output for case studies,Rosa Trancoso; Yannik Behr; Tony Hurst; Natalia I. Deligne,Zenodo (CERN European Organization for Nuclear Research),dataset,https://doi.org/10.5281/zenodo.6363619,https://zenodo.org/record/6363619,green,True,0,https://openalex.org/W4393804906
HYSPLIT,core_or_named_application,2022,HYSPLIT Meteorological Data at PROS station at Hanford site in ARL format,Hongfei Hou,Zenodo (CERN European Organization for Nuclear Research),article,https://doi.org/10.5281/zenodo.7369298,https://zenodo.org/record/7369298,green,True,0,https://openalex.org/W4310089123
HYSPLIT,core_or_named_application,2022,Incorporation of HYSPLIT Atmospheric Transport and Dispersion (ATD) Model into MACCS to Advance ATD Capabilities.,Daniel James Clayton,OSTI OAI (U.S. Department of Energy Office of Scientific and Technical Information),other,,https://www.osti.gov/biblio/1841828,green,True,0,https://openalex.org/W4287402517
HYSPLIT,core_or_named_application,2022,Observations of Gravity Wave propagation in the Equatorial Ionosphere after the Hunga Tonga-Hunga Ha'apai eruption with Ionosonde data and HYSPLIT Modeling,Newton Silva de Lima; Alan dos Santos Ferreira; Eriberto Barroso Façanha Filho; Liliam Gleicy de Souza Oliveira; Aldemir Malveira de Oliveira; Daniel Barros Valentim Mansur da Silva,,conference-paper,https://doi.org/10.29327/1247297.13-1,https://doi.org/10.29327/1247297.13-1,gold,True,0,https://openalex.org/W4395103958
HYSPLIT,core_or_named_application,2022,"Pemodelan Sebaran Polutan PM10 dan PM2,5 Model Hysplit pada Kawasan Gentala Arasy Kota Jambi",Rizky Muhamad Ilyas; Febri Juita Anggraini; Zuli Rodhiyah,Jurnal Engineering,article,https://doi.org/10.22437/jurnalengineering.v4i2.20840,https://doi.org/10.22437/jurnalengineering.v4i2.20840,diamond,True,0,https://openalex.org/W4309735631
HYSPLIT,core_or_named_application,2022,Sentinel-2 Satellite and Hysplit Model Show that Local Cereal Harvesting Substantially Contributes to Peak Alternaria Spore Concentrations,Godfrey Apangu; Beverley Adams‐Groom; Jack Satchwell; Catherine H. Pashley; Małgorzata Werner; Maciej Kryza; Mariusz Szymanowski; Małgorzata Malkiewicz; Nicolas Bruffaerts; Lucie Hoebeke; Agnieszka Grinn‐Gofroń; Łukasz Grewling; Nestor González Roldán; G. Oliver; C. Sindt; Mathilde Kloster; Professor Carsten Ambelas Skjøth,SSRN Electronic Journal,preprint,https://doi.org/10.2139/ssrn.4110821,https://doi.org/10.2139/ssrn.4110821,green,True,0,https://openalex.org/W4285220072
HYSPLIT,core_or_named_application,2022,Trajectory-geospatial approach using HYSPLIT Model in determining air pollution sources at Pasir Gudang industrial areas,Nor Diana Abdul Halim; Mohd Shahrul Nizam Mohd Ariffin; Khairul Nizam Abdul Maulud,Malaysian Journal of Society and Space,article,https://doi.org/10.17576/geo-2022-1804-02,https://doi.org/10.17576/geo-2022-1804-02,bronze,True,0,https://openalex.org/W4310984287
HYSPLIT,core_or_named_application,2021,Comparative Analysis of Three Methods for HYSPLIT Atmospheric Trajectories Clustering,Likai Cui; Xiaoquan Song; Guoqiang Zhong,Atmosphere,article,https://doi.org/10.3390/atmos12060698,https://doi.org/10.3390/atmos12060698,gold,True,47,https://openalex.org/W3172909160
HYSPLIT,core_or_named_application,2021,Incorporating features from the Stochastic Time-Inverted Lagrangian Transport (STILT) model into the Hybrid Single-Particle Lagrangian Integrated Trajectory (HYSPLIT) model: a unified dispersion model for time-forward and time-reversed applications,Christopher P. Loughner; Benjamin Fasoli; Ariel Stein; John C. Lin,Journal of Applied Meteorology and Climatology,article,https://doi.org/10.1175/jamc-d-20-0158.1,https://doi.org/10.1175/jamc-d-20-0158.1,hybrid,True,43,https://openalex.org/W3153429575
HYSPLIT,core_or_named_application,2021,"Variation and dispersal of PM10 and PM2.5 during COVID-19 lockdown over Kolkata metropolitan city, India investigated through HYSPLIT model",Biswajit Bera; Sumana Bhattacharjee; Nairita Sengupta; Soumik Saha,Geoscience Frontiers,article,https://doi.org/10.1016/j.gsf.2021.101291,https://doi.org/10.1016/j.gsf.2021.101291,hybrid,True,43,https://openalex.org/W3195843268
HYSPLIT,core_or_named_application,2021,"Use of Membranes and Detailed HYSPLIT Analyses to Understand Atmospheric Particulate, Gaseous Oxidized, and Reactive Mercury Chemistry",Mae Sexauer Gustin; Sarrah M. Dunham‐Cheatham; Lei Zhang; Seth N. Lyman; Nicole Choma; Mark S. Castro,Environmental Science & Technology,article,https://doi.org/10.1021/acs.est.0c07876,https://doi.org/10.1021/acs.est.0c07876,closed,False,34,https://openalex.org/W3046463355
HYSPLIT,core_or_named_application,2021,Dust storm simulation over the Sahara Desert (Moroccan and Mauritanian regions) using <scp>HYSPLIT</scp>,Achraf Qor‐el‐aine; András Béres; Gábor Géczi,Atmospheric Science Letters,article,https://doi.org/10.1002/asl.1076,https://doi.org/10.1002/asl.1076,gold,True,13,https://openalex.org/W4200053528
HYSPLIT,core_or_named_application,2021,Analyzing the impact of Saharan sand and dust storms based on HYSPLIT algorithm in Tunisian regions,Karim Bouchlaghem; Houda Chtioui; Mohamed Hichem Gazzah,Arabian Journal of Geosciences,article,https://doi.org/10.1007/s12517-021-07174-4,https://doi.org/10.1007/s12517-021-07174-4,closed,False,10,https://openalex.org/W3157854648
HYSPLIT,core_or_named_application,2021,"Modelling of volcanic ash with HYSPLIT and satellite observations: a case study of the 2018 Barren Island volcano eruption event, Andaman Territory, India",Goutham Krishna Teja Gunda; P. K. Champatiray; Mamta Chauhan; Prakash Chauhan; Mijanur Ansary; Arya Singh; Yateesh Ketholia; S. Balaji,Current Science,article,https://doi.org/10.18520/cs/v121/i4/529-538,https://doi.org/10.18520/cs/v121/i4/529-538,diamond,True,6,https://openalex.org/W4254278403
HYSPLIT,core_or_named_application,2021,"Study of the Behavior of Air Parcels, using PIXE, Hysplit and Wind Rose in the Metropolitan Zone of Toluca Valley, Mexico",Angélica Flores Ortiz; María de la Luz Jiménez Núñez; Raúl Venancio Díaz Godoy,Journal of Energy Research and Reviews,article,https://doi.org/10.9734/jenrr/2021/v9i130225,https://doi.org/10.9734/jenrr/2021/v9i130225,diamond,True,5,https://openalex.org/W3214432267
HYSPLIT,core_or_named_application,2021,Linking ground-satellite observations with HYSPLIT Back trajectory modeling to identify dust sources affecting Western Iran: A case study in Lorestan province,Elham Borna; Maryam Kiani Sadr; Seyed Ahmad Hosseini,Environmental Health Engineering and Management,article,https://doi.org/10.34172/ehem.2021.11,https://doi.org/10.34172/ehem.2021.11,diamond,True,3,https://openalex.org/W3165221226
HYSPLIT,core_or_named_application,2021,Moisture trajectories during heavy rainfall events using Hybrid Single-Particle Lagrangian Integrated Trajectory (HYSPLIT) model,S Aryalakshmi; Dhanya Madhu,Journal of Physics Conference Series,conference-paper,https://doi.org/10.1088/1742-6596/2070/1/012066,https://doi.org/10.1088/1742-6596/2070/1/012066,diamond,True,3,https://openalex.org/W3212530702
HYSPLIT,core_or_named_application,2021,Estimation of PM10 Concentrations from Biomass Burning and Anthropogenic Emissions Using the WRF–HYSPLIT Modeling System,Teerachai Amnuaylojaroen; Nungruethai Anuma,,book-chapter,https://doi.org/10.1201/9780429022036-21,https://doi.org/10.1201/9780429022036-21,closed,False,2,https://openalex.org/W3157301205
HYSPLIT,core_or_named_application,2021,Analisis Sebaran Particulate Matter (PM10) dan Gas Carbom Dioxide (CO) dari Aktivitas Kendaraan Bermotor menggunakan metode Hysplit Version 5 di Kota Jambi,Bambang Ristianto; M Damris; Rosyani Rosyani,Jurnal Pembangunan Berkelanjutan,article,https://doi.org/10.22437/jpb.v4i1.12250,https://online-journal.unja.ac.id/JPB/article/download/12250/11506,green,True,1,https://openalex.org/W3193612113
HYSPLIT,core_or_named_application,2021,Origin of dust pollution particulate matter less than 2.5 micron in Mashhad city using HYSPLIT and DREAM8b model,Fatemeh Bagheri; Mehri Rezayi,DOAJ (DOAJ: Directory of Open Access Journals),article,,https://doaj.org/article/6f7ae15fa25440e089f03865d8f5571b,green,True,0,https://openalex.org/W4287187941
HYSPLIT,core_or_named_application,2021,Research on a Dust Storm Process and Analysis of Meteorological Service Guarantee in Beijing Capital International Airport and Beijing Daxing International Airport Based on HYSPLIT Model,梦翔 徐,Advances in Geosciences,article,https://doi.org/10.12677/ag.2021.1111137,https://doi.org/10.12677/ag.2021.1111137,closed,False,0,https://openalex.org/W3211798461
HYSPLIT,core_or_named_application,2021,"The investigation of possible stratospheric origin of ozone presence at the surface at night, using HYSPLIT trajectory analysis",Moses E. Kosin,Holmes Museum Of Anthropology (Wichita State University),dissertation,,https://soar.wichita.edu/handle/10057/21594,closed,False,0,https://openalex.org/W3184826142
HYSPLIT,core_or_named_application,2021,Wildfire impact assessment through air quality monitoring in natural conservation areas and WRF-HYSPLIT coupled modelling,Jessica Castagna; Alfonso Senatore; Mariantonia Bencardino; Francesco D’Amore; Francesca Sprovieri; Nicola Pirrone; Giuseppe Mendicino,,conference-abstract,https://doi.org/10.5194/egusphere-egu21-12811,https://doi.org/10.5194/egusphere-egu21-12811,gold,True,0,https://openalex.org/W3167856300
HYSPLIT,core_or_named_application,2021,بررسی تشکیل و انتشار طوفانهای گرد و غبار ورودی به غرب و جنوب غرب ایران با استفاده از سنجش از دور، مدل جفتشده WRF–Chem ، و مدل پخش لاگرانژی ذرات HYSPLIT,راضیه پیلهوران; زهرا راستگو; امیرحسین نیک فال; بهروز مرادپور,فصلنامه علوم محیطی,article,https://doi.org/10.52547/envs.34186,https://envs.sbu.ac.ir/article_100660.html,closed,False,0,https://openalex.org/W3134156733
HYSPLIT,core_or_named_application,2021,بررسی ویژگی های رخداد پدیدة گردوخاک خراسان بزرگ در دورة گرم سال و شبیه سازی مسیر آن توسط مدل HYSPLIT (دورة آماری 20۰۰-20۱۷),الهام مبارک حسن; عباس رنجبر سعادت آبادی; ابراهیم فتاحی; فائزه نوری,پژوهش های جغرافیای طبیعی,article,https://doi.org/10.22059/jphgr.2021.294599.1007466,https://jphgr.ut.ac.ir/article_81944_3277571b40982291cf72647f6f1b8138.pdf,closed,False,0,https://openalex.org/W3173275605
HYSPLIT,core_or_named_application,2021,مسیر یابی و بررسی روند حرکت منابع تولید گرد وغبار در شکل گیری تپه های ماسه ای با استفاده از مدل HYSPLIT (مطالعه موردی : شرق استان قم،ماسه زار جلالی),صادق آبروش; شیرین محمدخان; محمدرضا ثروتی; منیژه قهرودی,مرتع و آبخیزداری,article,https://doi.org/10.22059/jrwm.2021.310960.1536,https://jrwm.ut.ac.ir/article_83879_16beac1b93c541d53dfc74d6d64059a9.pdf,closed,False,0,https://openalex.org/W3207567064
HYSPLIT,core_or_named_application,2021,منشأیابی کانونهای آلودگی گردوغبار ذرات معلق کمتراز 2/5 میکرون در شهر مشهد با استفاده از مدل HYSPLIT و DREAM8b,فاطمه باقری; مهری رضائی,فصلنامه سلامت و محیط زیست,article,,https://ijhe.tums.ac.ir/browse.php?a_id=6535&sid=1&slc_lang=fa,closed,False,0,https://openalex.org/W3215357011
HYSPLIT,core_or_named_application,2020,"Air pollutant emission characteristics and HYSPLIT model analysis during heating period in Shenyang, China",Yunfeng Ma; Maibo Wang; Shuai Wang; Yue Wang; Lei Feng; Kaiyu Wu,Environmental Monitoring and Assessment,article,https://doi.org/10.1007/s10661-020-08767-4,https://doi.org/10.1007/s10661-020-08767-4,closed,False,49,https://openalex.org/W3111109540
HYSPLIT,core_or_named_application,2020,Ensemble PM<sub>2.5</sub> Forecasting During the 2018 Camp Fire Event Using the HYSPLIT Transport and Dispersion Model,Yunyao Li; Daniel Tong; Fong Ngan; Mark Cohen; Ariel Stein; Shobha Kondragunta; Xiaoyang Zhang; Charles Ichoku; E. J. Hyer; Ralph A. Kahn,Journal of Geophysical Research Atmospheres,article,https://doi.org/10.1029/2020jd032768,https://doi.org/10.1029/2020jd032768,closed,False,40,https://openalex.org/W3037668081
HYSPLIT,core_or_named_application,2020,Determining the source of dust storms with use of coupling WRF and HYSPLIT models: A case study of Yazd province in central desert of Iran,Fatemeh Iraji; Mohammad Hossein Memarian; Mohammad Joghataei; Hamid Reza Ghafarian Malamiri,Dynamics of Atmospheres and Oceans,article,https://doi.org/10.1016/j.dynatmoce.2020.101197,https://doi.org/10.1016/j.dynatmoce.2020.101197,closed,False,34,https://openalex.org/W3114921416
HYSPLIT,core_or_named_application,2020,Inverse modeling of fire emissions constrained by smoke plume transport using HYSPLIT dispersion model and geostationary satellite observations,Hyun Cheol Kim; Tianfeng Chai; Ariel Stein; Shobha Kondragunta,Atmospheric chemistry and physics,article,https://doi.org/10.5194/acp-20-10259-2020,https://doi.org/10.5194/acp-20-10259-2020,gold,True,33,https://openalex.org/W3011775304
HYSPLIT,core_or_named_application,2020,Quantifying the Uncertainty of a Coupled Plume and Tephra Dispersal Model: PLUME‐MOM/HYSPLIT Simulations Applied to Andean Volcanoes,Alessandro Tadini; Olivier Roche; Pablo Samaniego; Arnaud Guillin; Nourddine Azzaoui; Mathieu Gouhier; Mattia de’ Michieli Vitturi; Federica Pardini; Julia Eychenne; Benjamin Bernard; Silvana Hidalgo; Jean‐Luc Le Pennec,Journal of Geophysical Research Solid Earth,article,https://doi.org/10.1029/2019jb018390,https://doi.org/10.1029/2019jb018390,green,True,28,https://openalex.org/W2997272892
HYSPLIT,core_or_named_application,2020,Determination of Region of Influence Obtained by Aircraft Vertical Profiles Using the Density of Trajectories from the HYSPLIT Model,Henrique Cassol; Lucas G. Domingues; Alber Sánchez; Luana S. Basso; Luciano Marani; Graciela Tejada; Egídio Arai; Caio Correia; Caroline B. Alden; J. B. Miller; Manuel Gloor; Liana O. Anderson; Luiz E. O. C. Aragão; Luciana V. Gatti,Atmosphere,article,https://doi.org/10.3390/atmos11101073,https://doi.org/10.3390/atmos11101073,gold,True,17,https://openalex.org/W3092304196
HYSPLIT,core_or_named_application,2020,Analysis of surface ozone episodes using WRF-HYSPLIT model at Biga Peninsula in the Marmara region of Turkey,Deniz Sarı; Selahattin İncecik; Nesimi Ozkurt,Atmospheric Pollution Research,article,https://doi.org/10.1016/j.apr.2020.09.018,https://doi.org/10.1016/j.apr.2020.09.018,closed,False,15,https://openalex.org/W3089772255
HYSPLIT,core_or_named_application,2020,HYSPLIT as an environmental impact assessment tool to study the data discrepancies between Olea europaea airborne pollen records and its phenology in SW Spain,Alejandro Monroy-Colín; José María Maya‐Manzano; Rafael Tormo-Molina; Raúl Pecero-Casimiro; María Ángeles Gonzalo-Garijo; Santiago Fernández-Rodríguez,Urban forestry & urban greening,article,https://doi.org/10.1016/j.ufug.2020.126715,https://doi.org/10.1016/j.ufug.2020.126715,green,True,11,https://openalex.org/W3025770428
HYSPLIT,core_or_named_application,2020,Analysis of Water Vapor Change and Precipitation Conversion Efficiency Based on HYSPLIT Backward Trajectory Model over the Three-River Headwaters Region,Anfeng Qiang; Ni Wang; Jiancang Xie; Jiahua Wei,Journal of Coastal Research,article,https://doi.org/10.2112/jcr-si105-002.1,https://doi.org/10.2112/jcr-si105-002.1,closed,False,8,https://openalex.org/W3114992274
HYSPLIT,core_or_named_application,2020,RETRACTED ARTICLE: HYSPLIT-based demarcation of regions affected by water vapors from the South China Sea and the Bay of Bengal,Chengyuan Hao; Linlin Song; Wei Zhao,European Journal of Remote Sensing,article,https://doi.org/10.1080/22797254.2020.1795730,https://doi.org/10.1080/22797254.2020.1795730,gold,True,7,https://openalex.org/W3094103932
HYSPLIT,core_or_named_application,2020,Aerosol-cloud-precipitation interactions over Iraq using MODIS satellite data and HYSPLIT model during (2008-2017),Aqeel D. Salman; Kais J. Al-Jumaily; Ali M. Al-Salihi,AIP conference proceedings,conference-paper,https://doi.org/10.1063/5.0027454,https://doi.org/10.1063/5.0027454,bronze,True,6,https://openalex.org/W3111133533
HYSPLIT,core_or_named_application,2020,Emission inventory point source visualization on Google Earth and integrated with HYSPLIT model,Abraham Ortínez; L. G. Ruíz-Suárez; Enedina Ortega; José Agustín García-Reynoso; Oscar Peralta; Amparo López-Gaona; T. Castro; Amparo Arroyo,Atmósfera,article,https://doi.org/10.20937/atm.52834,https://doi.org/10.20937/atm.52834,diamond,True,3,https://openalex.org/W3090225698
HYSPLIT,core_or_named_application,2020,Inverse modeling of fire emissions constrained by smoke plume transport using HYSPLIT dispersion model and geostationary satellite observations,Hyun Cheol Kim; Tianfeng Chai; Ariel Stein; Shobha Kondragunta,,preprint,https://doi.org/10.5194/acp-2020-8,https://doi.org/10.5194/acp-2020-8,gold,True,3,https://openalex.org/W4237183469
HYSPLIT,core_or_named_application,2020,HYSPLIT Modelling Approach for the Assessment of PM2.5 over Indian Subcontinent,Rulan Verma,,conference-abstract,https://doi.org/10.5194/egusphere-egu2020-574,https://doi.org/10.5194/egusphere-egu2020-574,gold,True,2,https://openalex.org/W3086907908
HYSPLIT,core_or_named_application,2020,A case study of the 2018 Camp Fire event using HYSPLIT-based emission inverse modeling system with GOES Advanced Baseline Imager (ABI) observations and other measurements for wildfire smoke forecasts,Tianfeng Chai; Hyun Cheol Kim; Ariel Stein; Daniel Tong; Yunyao Li; Shobha Kondragunta,,conference-abstract,https://doi.org/10.5194/egusphere-egu2020-12525,https://doi.org/10.5194/egusphere-egu2020-12525,gold,True,1,https://openalex.org/W3042238595
HYSPLIT,core_or_named_application,2020,A Comparison of Meteorological Deterministic and Ensemble Inputs to HYSPLIT For Volcanic Ash Transport in Small to Moderate Sized Eruptions,Emmie Le Roy; Alice Crawford; Barbara J. B. Stunder; B. Wang,AGU Fall Meeting Abstracts,conference-abstract,,http://ui.adsabs.harvard.edu/abs/2020AGUFMV028.0016R/abstract,closed,False,0,https://openalex.org/W3196811437
HYSPLIT,core_or_named_application,2020,Application of a novel ensemble mean technique to probabilistic forecasting of volcanic ash transport using HYSPLIT,J.E. Castillo Guerra; Alice Crawford,AGU Fall Meeting Abstracts,conference-abstract,,http://ui.adsabs.harvard.edu/abs/2020AGUFMA114.0006G/abstract,closed,False,0,https://openalex.org/W3194216991
HYSPLIT,core_or_named_application,2020,"Application of hysplit model to evaluate the relationship between meteorological parameters and PM10 content in the atmospheric environment in Ha Noi city, Vietnam",Anh Dung Nguyen; Hồng Sơn Dương; Đức Hạnh Nguyễn Thế; Nguyen Dac Dong,Science & Technology Development Journal - Engineering and Technology,article,https://doi.org/10.32508/stdjet.v3i2.715,https://doi.org/10.32508/stdjet.v3i2.715,diamond,True,0,https://openalex.org/W3062393456
HYSPLIT,core_or_named_application,2020,Development and Evaluation of a Volcanic Ash Ensemble Forecasting System Using the NOAA HYSPLIT Model,B. Wang; Barbara J. B. Stunder; J. McQueen; Alice Crawford; Allison Ring; Binbin Zhou; Edward Strobach; Michael J. Pavolonis; Jing Huang; Haiyan Huang; Laura L. Pan,AGU Fall Meeting Abstracts,conference-abstract,,https://ui.adsabs.harvard.edu/abs/2020AGUFMA114.0007W/abstract,closed,False,0,https://openalex.org/W3207347742
HYSPLIT,core_or_named_application,2020,Ensemble filtering experiments with HYSPLIT,Meelis J. Zidikheri,Zenodo (CERN European Organization for Nuclear Research),dataset,https://doi.org/10.5281/zenodo.4001362,https://zenodo.org/record/4001362,green,True,0,https://openalex.org/W4393691659
HYSPLIT,core_or_named_application,2020,Ensemble filtering experiments with HYSPLIT,Meelis J. Zidikheri,Zenodo (CERN European Organization for Nuclear Research),dataset,https://doi.org/10.5281/zenodo.4001361,https://doi.org/10.5281/zenodo.4001361,green,True,0,https://openalex.org/W4393602405
HYSPLIT,core_or_named_application,2020,Ensemble PM2.5 Forecasting during the 2018 Camp Fire Event using the HYSPLIT Model and Using TROPOMI to Improve the forecast,Yunyao Li,AGU Fall Meeting 2020,article,,https://agu.confex.com/agu/fm20/webprogram/Paper670899.html,closed,False,0,https://openalex.org/W3128425257
HYSPLIT,core_or_named_application,2020,Evaluation of Turbulent Mixing in HYSPLIT using a Tracer of Opportunity Dataset,Fong Ngan,100th American Meteorological Society Annual Meeting,article,,https://ams.confex.com/ams/2020Annual/webprogram/Paper366040.html,closed,False,0,https://openalex.org/W3133795431
HYSPLIT,core_or_named_application,2020,Exploring Volcanic Ash Forecasting Techniques Using HYSPLIT and VOLCAT Observations,Allison Ring; Alice Crawford; Tianfeng Chai; Justin Sieglaff; Michael J. Pavolonis,AGU Fall Meeting Abstracts,conference-abstract,,http://ui.adsabs.harvard.edu/abs/2020AGUFMV030...07R/abstract,closed,False,0,https://openalex.org/W3190013218
HYSPLIT,core_or_named_application,2020,"HYSPLITモデルを用いて,珠江デルタにおけるVOCsの時空間分布特性を研究した。【JST・京大機械翻訳】",Zhang Tao; Xinming Wang; Zhou Yan; Yue Dingli; Duohong Chen; Ou Yubo,Zhongguo Huanjing Kexue,article,,https://jglobal.jst.go.jp/detail?JGLOBAL_ID=202102290365967671,closed,False,0,https://openalex.org/W3188748210
HYSPLIT,core_or_named_application,2020,"Review of ""Inverse modeling of fire emissions constrained by smoke plume transport using HYSPLIT dispersion model and geostationary observations"" by Kim et al.",Meelis J. Zidikheri,,peer-review,https://doi.org/10.5194/acp-2020-8-rc2,https://doi.org/10.5194/acp-2020-8-rc2,gold,True,0,https://openalex.org/W4249267374
HYSPLIT,core_or_named_application,2020,Simulating spatio-temporal dynamics of surface PM 2.5 emitted from Alaskan wildfires using HYSPLIT,D. Chen; A. E. Baer; Michael Billmire; Jianjun He; Tatiana Loboda,AGU Fall Meeting Abstracts,conference-abstract,,https://ui.adsabs.harvard.edu/abs/2020AGUFMB085...04C/abstract,closed,False,0,https://openalex.org/W3213862348
HYSPLIT,core_or_named_application,2020,"Supplementary material to ""Inverse modeling of fire emissions constrained by smoke plume transport using HYSPLIT dispersion model and geostationary satellite observations""",Hyun Cheol Kim; Tianfeng Chai; Ariel Stein; Shobha Kondragunta,,supplementary-materials,https://doi.org/10.5194/acp-2020-8-supplement,https://doi.org/10.5194/acp-2020-8-supplement,gold,True,0,https://openalex.org/W4250792939
HYSPLIT,core_or_named_application,2020,بررسی مسیرهای انتشار گرد و غبار در استان هرمزگان با استفاده از مدل HYSPLIT,محمود دمی زاده; رسول مهدوی; علی اکبر نوروزی; حمید غلامی; ارشک حلیساز,مهندسی و مدیریت آبخیز,article,https://doi.org/10.22092/ijwmse.2020.342768.1789,https://jwem.areeo.ac.ir/article_122062_130aaeda519b07447e6a9821c1d1bc9e.pdf,closed,False,0,https://openalex.org/W3080279174
HYSPLIT,core_or_named_application,2019,Chemo-isotopes (18O &amp; 2H) signatures and HYSPLIT model application: Clues to the atmospheric moisture and air mass origins,Rahim Bagheri; Fatemeh Bagheri; Gholam Hossein Karami; Hadi Jafari,Atmospheric Environment,article,https://doi.org/10.1016/j.atmosenv.2019.116892,https://doi.org/10.1016/j.atmosenv.2019.116892,closed,False,48,https://openalex.org/W2967565391
HYSPLIT,core_or_named_application,2019,Investigation of aerosols pollution across the eastern basin of Urmia lake using satellite remote sensing data and HYSPLIT model,Shokufeh Delfi; Mohammad Mosaferi; Mohammad Sadegh Hassanvand; Shahram Maleki,Journal of Environmental Health Science and Engineering,article,https://doi.org/10.1007/s40201-019-00425-3,https://doi.org/10.1007/s40201-019-00425-3,green,True,23,https://openalex.org/W2995354984
HYSPLIT,core_or_named_application,2019,Numerical Simulation of a Severe Dust Storm over Ahvaz Using the HYSPLIT Model,Reza Khalidy; Hesam Salmabadi; Mohsen Saeedi,International Journal of Environmental Research,article,https://doi.org/10.1007/s41742-018-0164-1,https://doi.org/10.1007/s41742-018-0164-1,closed,False,23,https://openalex.org/W2907597405
HYSPLIT,core_or_named_application,2019,The evaluation of mixing methods in HYSPLIT using measurements from controlled tracer experiments,Fong Ngan; Christopher P. Loughner; Ariel Stein,Atmospheric Environment,article,https://doi.org/10.1016/j.atmosenv.2019.117043,https://doi.org/10.1016/j.atmosenv.2019.117043,bronze,True,20,https://openalex.org/W2979270417
HYSPLIT,core_or_named_application,2019,"Analysis of the atmospheric pollution transport pathways and sources in Shenyang, based on the HYSPLIT model",Y F; Boying Du; Q Wang; Qiongqiong Hu; Yushan Bian; M B Wang; Song Jin,IOP Conference Series Earth and Environmental Science,conference-paper,https://doi.org/10.1088/1755-1315/351/1/012030,https://doi.org/10.1088/1755-1315/351/1/012030,diamond,True,14,https://openalex.org/W2982511059
HYSPLIT,core_or_named_application,2019,Regional HYSPLIT simulation of atmospheric transport and deposition of the Chernobyl 137Cs releases,Oleg Skrynyk; Volodymyr Voloshchuk; Igor Budak; Sergiy Bubin,Atmospheric Pollution Research,article,https://doi.org/10.1016/j.apr.2019.09.001,https://doi.org/10.1016/j.apr.2019.09.001,closed,False,13,https://openalex.org/W2971829955
HYSPLIT,core_or_named_application,2019,"Analysis of transported pollution and haze-related diseases via HYSPLIT Trajectory Modelling in the urbanized area of Johor, Malaysia",Nur H. Hanafi; Mimi H. Hassim; Zainura Zainon Noor; Denny K. S. Ng; Nor Harrin Nor Helmi; Nurazimah Mohd Aris,IOP Conference Series Earth and Environmental Science,conference-paper,https://doi.org/10.1088/1755-1315/373/1/012008,https://doi.org/10.1088/1755-1315/373/1/012008,diamond,True,7,https://openalex.org/W2990096146
HYSPLIT,core_or_named_application,2019,Gestão de eventos QBRN e a utilização do modelo Hysplit: uma revisão integrativa de literatura,Adriana Paula Macedo Ferreira Pereira; Luiz Antônio da Costa Rodrigues; Elaine Alves dos Santos; Telma Abdalla de Oliveira Cardoso; Simone Cynamon Cohen,Saúde em Debate,article,https://doi.org/10.1590/0103-1104201912221,https://doi.org/10.1590/0103-1104201912221,diamond,True,6,https://openalex.org/W2991136348
HYSPLIT,core_or_named_application,2019,PENELUSURAN TRAJEKTORI AEROSOL DI KOTA BANDUNG MENGGUNAKAN HYSPLIT-4 BACK TRAJECTORY MODEL STUDI KASUS : KEJADIAN KABUT ASAP TANGGAL 23-28 OKTOBER 2015,Amalia Nurlatifah; R. Driejana,Jurnal Meteorologi dan Geofisika,article,https://doi.org/10.31172/jmg.v20i2.630,https://doi.org/10.31172/jmg.v20i2.630,diamond,True,6,https://openalex.org/W2995929694
HYSPLIT,core_or_named_application,2019,Chemical Composition of Fine Particulate Matter from Peat Forest Fires at Palangka Raya and Its Dispersion using HYSPLIT,Diah Dwiana Lestiani; Muhayatun Santoso; S Kurniawati; Dwi Kesuma Sari; Indah Kusmartini; Anna Rohani Roida Manurung; Ahmad Riadi,IOP Conference Series Earth and Environmental Science,conference-paper,https://doi.org/10.1088/1755-1315/303/1/012035,https://doi.org/10.1088/1755-1315/303/1/012035,diamond,True,5,https://openalex.org/W2965654984
HYSPLIT,core_or_named_application,2019,Observations and transport modeling of dust storm event over Northeast Asia using HYSPLIT: case study,Gantuya Ganbat; D. Jugder,E3S Web of Conferences,conference-paper,https://doi.org/10.1051/e3sconf/20199902002,https://doi.org/10.1051/e3sconf/20199902002,diamond,True,5,https://openalex.org/W2951791852
HYSPLIT,core_or_named_application,2019,Dose dispersion map using the fall-out stack model of the HYSPLIT code for a pool-type 5 MW research reactor under normal operation,Yaser Hamidi Athar; F. Faghihi,Radiation Physics and Chemistry,article,https://doi.org/10.1016/j.radphyschem.2019.108412,https://doi.org/10.1016/j.radphyschem.2019.108412,closed,False,4,https://openalex.org/W2963251282
HYSPLIT,core_or_named_application,2019,Radiological dose Assessment by Means of a Coupled WRF-HYSPLIT Model under Normal Operation of Bushehr Nuclear Power Plant,M. Feyzinejad; Hossein Malakooti; Masoud Sadrinasab; Sarmad Ghader,Pollution,article,https://doi.org/10.22059/poll.2018.255275.428,https://jpoll.ut.ac.ir/article_69560_c8127c13fb683c2ba00f3811367fe5a5.pdf,green,True,4,https://openalex.org/W2912389109
HYSPLIT,core_or_named_application,2019,Determining Target and Control Areas in Operational Cloud Seeding Programs over Iran by Dispersion Simulation of Seeding Materials Using HYSPLIT Model,Seyedhasani Mansoureh; Moradian Fatemeh; Sarmad Ghader; Golkar Farid; Hatampour Masoud,,article,,https://www.sid.ir/en/journal/ViewPaper.aspx?ID=687383,closed,False,2,https://openalex.org/W2990469493
HYSPLIT,core_or_named_application,2019,Analysis of Surface Deposition Concentration by Atmospheric Dispersion Model Using RASCAL and HYSPLIT Computer Codes for Nuclear Power Plant Accident,Jino Lee; Kwon Jae; Gang Woo Ryu; Jung Hwan Jang; Kim Kwang Pyo,Journal of Radiation Industry,article,,https://www.kci.go.kr/kciportal/ci/sereArticleSearch/ciSereArtiView.kci?sereArticleSearchBean.artiId=ART002486786,closed,False,1,https://openalex.org/W2979295583
HYSPLIT,core_or_named_application,2019,CBRN events management and the use of the Hysplit model: an integrative literature review,Adriana Paula Macedo Ferreira Pereira; Luiz Antônio da Costa Rodrigues; Elaine Alves dos Santos; Telma Abdalla de Oliveira Cardoso; Simone Cynamon Cohen,Figshare,dataset,https://doi.org/10.6084/m9.figshare.11266673,https://doi.org/10.6084/m9.figshare.11266673,green,True,1,https://openalex.org/W4394070087
HYSPLIT,core_or_named_application,2019,A Comparative Analysis of HYSPLIT and AIRPACT to Estimate Wildland Fire Smoke Emissions for Public Health Applications,Maxwell Enger; Carl Spangrude; D. E. M. Ross,The Mathematics Enthusiast,conference-paper,https://doi.org/10.13140/rg.2.2.36597.63205,https://scholarworks.umt.edu/umcur/2019/pmposters/22,gold,True,0,https://openalex.org/W3207714385
HYSPLIT,core_or_named_application,2019,Application of the trajectory approach using the model HYSPLIT in assessing the transport of air masses from possible sources of emission,M.I. Vasilevich; V.M. Shchanov,Proceedings of the Komi Science Centre of the Ural Division of the Russian Academy of Sciences,article,https://doi.org/10.19110/1994-5655-2019-3-18-22,https://doi.org/10.19110/1994-5655-2019-3-18-22,diamond,True,0,https://openalex.org/W3016754772
HYSPLIT,core_or_named_application,2019,Impacts of Sugar Cane Agricultural Fires on Air Quality in Southern Florida: Modeling Particulate Matter with the HYSPLIT Atmospheric Dispersion Model,,DigiNole (Florida State University),dissertation,,,closed,False,0,https://openalex.org/W7111702848
HYSPLIT,core_or_named_application,2019,Impacts of Sugar Cane Agricultural Fires on Air Quality in Southern Florida: Modeling Particulate Matter with The Hysplit Atmospheric Dispersion Model,Charles Wirks,Masters Thesis,article,,https://ui.adsabs.harvard.edu/abs/2019MsT.........18W/abstract,closed,False,0,https://openalex.org/W3127821160
HYSPLIT,core_or_named_application,2019,Modelamiento del origen de las precipitaciones en la ciudad de Managua mediante simulaciones con HYSPLIT.,Javier Antonio Barberena Moncada,,article,,https://revistacira.unan.edu.ni/index.php/AyC/article/download/91/81,closed,False,0,https://openalex.org/W3085390298
HYSPLIT,core_or_named_application,2019,Modeling Wildfire Smoke Exposure from the 2013 California Rim Fire using CMAQ and HYSPLIT,Heather A. Holmes; Xiangming Sun; Cesunica E. Ivey; Stefan Faulstich; Matthew J. Strickland,eScholarship (California Digital Library),article,,https://escholarship.org/uc/item/16m3177m,closed,False,0,https://openalex.org/W3024042324
HYSPLIT,core_or_named_application,2019,Quantifying Uncertainty of Ensemble Transport and Dispersion Simulations Using HYSPLIT,Daniel W. Bazemore,,article,,https://scholar.afit.edu/cgi/viewcontent.cgi?article=3198&context=etd,closed,False,0,https://openalex.org/W2981689286
HYSPLIT,core_or_named_application,2019,Results of Benchmark Exercise with MACCS-HYSPLIT Atmospheric Transport and Dispersion Model Implementation.,Daniel James Clayton,OSTI OAI (U.S. Department of Energy Office of Scientific and Technical Information),other,,https://www.osti.gov/biblio/1526352,green,True,0,https://openalex.org/W4295252958
HYSPLIT,core_or_named_application,2019,Source Term Estimation of Atmospheric Pollutants Using an Ensemble of HYSPLIT Concentration Simulations,Casey L. Zoellick,,article,,https://apps.dtic.mil/dtic/tr/fulltext/u2/1078237.pdf,closed,False,0,https://openalex.org/W2970037084
HYSPLIT,core_or_named_application,2019,Validación del modelo ARPS-STO-MCLM empleando el modelo HYSPLIT,Emiliana Elisabet Orcellet; Marta Vilanova Vilà; Jorge O. Noir,Dialnet (Universidad de la Rioja),article,,https://dialnet.unirioja.es/servlet/oaiart?codigo=7273398,closed,False,0,https://openalex.org/W3013162777
HYSPLIT,core_or_named_application,2019,Volcanic Ash Forecast Verification using HYSPLIT and Satellite Ash Observations Identified by VOLCAT,Allison Ring; Alice Crawford; Barbara J. B. Stunder; Justin Sieglaff; Michael J. Pavolonis,AGU Fall Meeting Abstracts,conference-abstract,,http://ui.adsabs.harvard.edu/abs/2019AGUFM.A21K2828R/abstract,closed,False,0,https://openalex.org/W3110515815
HYSPLIT,core_or_named_application,2019,ПРИМЕНЕНИЕ ТРАЕКТОРНОГО ПОДХОДА С ИСПОЛЬЗОВАНИЕМ МОДЕЛИ HYSPLIT ПРИ ОЦЕНКЕ ПЕРЕНОСА ВОЗДУШНЫХ МАСС ОТ ВОЗМОЖНЫХ ИСТОЧНИКОВ ЭМИСИИ,Минников Иван Васильевич; В М Щанов,Известия Коми научного центра УРО РАН,article,,https://cyberleninka.ru/article/n/primenenie-traektornogo-podhoda-s-ispolzovaniem-modeli-hysplit-pri-otsenke-perenosa-vozdushnyh-mass-ot-vozmozhnyh-istochnikov-emisii,closed,False,0,https://openalex.org/W3001583160
HYSPLIT,core_or_named_application,2019,تعیین مناطق هدف در پروژههای عملیاتی بارورسازی ابرها در ایران بهکمک شبیهسازی پخش مواد باروری با استفاده از مدل پاشندگی HYSPLIT,منصوره سید حسنی; فاطمه مرادیان; سرمد قادر; فرید گلکار; مسعود حاتم پور,مجله ژئوفیزیک ایران,article,,http://www.ijgeophysics.ir/article_63815_ca14cd4908aa1b5406bb83f4082b914d.pdf,closed,False,0,https://openalex.org/W2913379110
HYSPLIT,core_or_named_application,2019,تعیین منشاء منابع رطوبتی ایران با استفاده از مدل های عددی (FLEXPART و HYSPLIT) و فنآوری های ایزوتوپی (۱۸O و ۲H),حسین محمدزاده; مجتبی حیدری زاد,,article,,http://profdoc.um.ac.ir/articles/a/1082060.pdf,closed,False,0,https://openalex.org/W3096534587
HYSPLIT,core_or_named_application,2019,ردیابی منابع گرد و غبار سطوح مختلف جو سنندج با استفاده از مدل HYSPLIT به منظور مدیریت مخاطرات محیطی,برومند صلاحی; احمد نوحه گر; محمود بهروزی,فصلنامه جغرافیا و برنامه ریزی منطقه ای,article,,http://www.jgeoqeshm.ir/article_89017_8344b9a1dfc557d8d7ae5b1226b0fd22.pdf,closed,False,0,https://openalex.org/W2952113137
HYSPLIT,core_or_named_application,2019,원전 사고 시 RASCAL과 HYSPLIT 전산코드를 이용한 대기확산 모델별 방사성물질의 지표면 침적농도 분석,Jino Lee; Kwon Jae; Gang Woo Ryu; JongIn Jang; Kim Kwang Pyo,,article,,http://dspace.kci.go.kr/handle/kci/336758,closed,False,0,https://openalex.org/W3172768258
HYSPLIT,core_or_named_application,2018,Introduction to PySPLIT: A Python Toolkit for NOAA ARL’s HYSPLIT Model,Mellissa S.C. Warner,Computing in Science & Engineering,article,https://doi.org/10.1109/mcse.2017.3301549,https://doi.org/10.1109/mcse.2017.3301549,closed,False,81,https://openalex.org/W2888865023
HYSPLIT,core_or_named_application,2018,Three-Dimensional Physical and Optical Characteristics of Aerosols over Central China from Long-Term CALIPSO and HYSPLIT Data,Xin Lü; Feiyue Mao; Zengxin Pan; Wei Gong; Wei Wang; Liqiao Tian; Shenghui Fang,Remote Sensing,article,https://doi.org/10.3390/rs10020314,https://doi.org/10.3390/rs10020314,gold,True,50,https://openalex.org/W2793886488
HYSPLIT,core_or_named_application,2018,The impact of MISR-derived injection height initialization on wildfire and volcanic plume dispersion in the HYSPLIT model,Charles J. Vernon; Ryan M. Bolt; T. Canty; Ralph A. Kahn,Atmospheric measurement techniques,article,https://doi.org/10.5194/amt-11-6289-2018,https://doi.org/10.5194/amt-11-6289-2018,gold,True,40,https://openalex.org/W2804297013
HYSPLIT,core_or_named_application,2018,Investigations of MODIS AOD and cloud properties with CERES sensor based net cloud radiative effect and a NOAA HYSPLIT Model over Bangladesh for the period 2001–2016,Md. Arfan Ali; Md. Monirul Islam; M. Nazrul Islam; Mansour Almazroui,Atmospheric Research,article,https://doi.org/10.1016/j.atmosres.2018.09.001,https://doi.org/10.1016/j.atmosres.2018.09.001,closed,False,39,https://openalex.org/W2890609844
HYSPLIT,core_or_named_application,2018,Atmospheric dispersion assessment of radioactive materials during severe accident conditions for Bushehr nuclear power plant using HYSPLIT code,Ahmad Pırouzmand; Zahra Kowsar; Peyman Dehghani,Progress in Nuclear Energy,article,https://doi.org/10.1016/j.pnucene.2018.05.015,https://doi.org/10.1016/j.pnucene.2018.05.015,closed,False,36,https://openalex.org/W2806119565
HYSPLIT,core_or_named_application,2018,Dispersion simulations using HYSPLIT for the Sagebrush Tracer Experiment,Fong Ngan; Ariel Stein; Dennis Finn; Richard M. Eckman,Atmospheric Environment,article,https://doi.org/10.1016/j.atmosenv.2018.05.012,https://doi.org/10.1016/j.atmosenv.2018.05.012,hybrid,True,26,https://openalex.org/W2802693843
HYSPLIT,core_or_named_application,2018,"Determination of the transport routes of and the areas potentially affected by SO2 emanating from Khatoonabad Copper Smelter (KCS), Kerman province, Iran using HYSPLIT",Hesam Salmabadi; Mohsen Saeedi,Atmospheric Pollution Research,article,https://doi.org/10.1016/j.apr.2018.08.008,https://doi.org/10.1016/j.apr.2018.08.008,closed,False,23,https://openalex.org/W2891365354
HYSPLIT,core_or_named_application,2018,Weak-constraint inverse modeling using HYSPLIT-4 Lagrangian dispersion model and Cross-Appalachian Tracer Experiment (CAPTEX) observations – effect of including model uncertainties on source term estimation,Tianfeng Chai; Ariel Stein; Fong Ngan,Geoscientific model development,article,https://doi.org/10.5194/gmd-11-5135-2018,https://doi.org/10.5194/gmd-11-5135-2018,gold,True,16,https://openalex.org/W2854828451
HYSPLIT,core_or_named_application,2018,Analysis and Tracking Dust Phenomenon in South and Southeast of Iran by using HYSPLIT Model and the Principles of Remote Sensing,Dana Rostami; Seyed Asaad Hosseini,Journal of Spatial Analysis Environmental Hazarts,article,https://doi.org/10.29252/jsaeh.5.3.103,https://doi.org/10.29252/jsaeh.5.3.103,hybrid,True,7,https://openalex.org/W2903995003
HYSPLIT,core_or_named_application,2018,The Impact of MISR-derived Injection Height Initialization on Wildfire and Volcanic Plume Dispersion in the HYSPLIT Model,Charles J. Vernon; Ryan M. Bolt; T. Canty; Ralph A. Kahn,,preprint,https://doi.org/10.5194/amt-2018-123,https://doi.org/10.5194/amt-2018-123,gold,True,6,https://openalex.org/W4242432433
HYSPLIT,core_or_named_application,2018,SEASONAL INVESTIGATION OF ATMOSPHERIC DESERT DUST AFFECTING SANLIURFA USING MODIS SATELLITE AND HYSPLIT MODEL DATA,Tuba Rastgeldi Doğan; Mehmet İ̇rfan Yeşilnacar; Mehmet Alı Çullu,Sigma Journal of Engineering and Natural Sciences – Sigma Mühendislik ve Fen Bilimleri Dergisi,article,,https://dergipark.org.tr/en/download/article-file/2036507,green,True,5,https://openalex.org/W3217075617
HYSPLIT,core_or_named_application,2018,Haze in urban areas from peatland fires in Sumatra based on simulation using HYSPLIT,I S Sitanggang; Ajeng Dwi Asti; Muhammad Asyhar Agmalaro,IOP Conference Series Earth and Environmental Science,conference-paper,https://doi.org/10.1088/1755-1315/203/1/012004,https://doi.org/10.1088/1755-1315/203/1/012004,diamond,True,4,https://openalex.org/W2904104744
HYSPLIT,core_or_named_application,2018,Weak-constraint inverse modeling using HYSPLIT Lagrangiandispersion model and Cross Appalachian Tracer Experiment(CAPTEX) observations – Effect of including model uncertaintieson source term estimation,Tianfeng Chai; Ariel Stein; Fong Ngan,,preprint,https://doi.org/10.5194/gmd-2018-159,https://doi.org/10.5194/gmd-2018-159,gold,True,2,https://openalex.org/W4237393924
HYSPLIT,core_or_named_application,2018,"CO2 Observations, Modeled Emissions, and NAM-HYSPLIT Footprints, Boston MA, 2013-2014",Maryann Sargent; Steven C. Wofsy; Thomas Nehrkorn,Oak Ridge National Laboratory Distributed Active Archive Center for Biogeochemical Dynamics,other,https://doi.org/10.3334/ornldaac/1586,https://doi.org/10.3334/ornldaac/1586,green,True,1,https://openalex.org/W2978997670
HYSPLIT,core_or_named_application,2018,"Supplementary material to ""The Impact of MISR-derived Injection Height Initialization on Wildfire and Volcanic Plume Dispersion in the HYSPLIT Model""",Charles J. Vernon; Ryan M. Bolt; T. Canty; Ralph A. Kahn,,supplementary-materials,https://doi.org/10.5194/amt-2018-123-supplement,https://doi.org/10.5194/amt-2018-123-supplement,gold,True,1,https://openalex.org/W4235825117
HYSPLIT,core_or_named_application,2018,WHITE DUST SIMULATION FOR TAILINGS POND OF ERDENET COPPER MINING USING HYSPLIT,B. Lkhagvajargal; Sonomdagva Ch; Byambatseren Ch; B Batdelger,Proceedings of the Mongolian Academy of Sciences,article,https://doi.org/10.5564/pmas.v57i4.920,https://doi.org/10.5564/pmas.v57i4.920,diamond,True,1,https://openalex.org/W2784178307
HYSPLIT,core_or_named_application,2018,A HYSPLIT-based fire emission inverse modeling system for smoke forecast,H. C. Kim; Tianfeng Chai; Ariel Stein; Shobha Kondragunta,AGUFM,article,,http://ui.adsabs.harvard.edu/abs/2018AGUFM.A24E..02K/abstract,closed,False,0,https://openalex.org/W3004960217
HYSPLIT,core_or_named_application,2018,Assessment of atmospheric dispersion from ANPP hypothetical accident based on Fukushima accident by HYSPLIT model,Mahdieh Mirzaeiniya; Mohammad Reza Shojaei; Ehsan Ebrahimi Basabi,Iranian Journal of Radiation Safety and Measurement,article,,http://rsm.kashanu.ac.ir/article-1-380-en.html,closed,False,0,https://openalex.org/W2952394971
HYSPLIT,core_or_named_application,2018,Effect of including model uncertainties in HYSPLIT inverse modeling,Tianfeng Chai; Ariel Stein; Fong Ngan,AGU Fall Meeting Abstracts,conference-abstract,,http://ui.adsabs.harvard.edu/abs/2018AGUFM.A21A..05C/abstract,closed,False,0,https://openalex.org/W3197277446
HYSPLIT,core_or_named_application,2018,Evaluation of the Inline WRF− HYSPLIT Model for Short- and Medium-Range Transport and Dispersion over Complex Topography,Astrid Suarez,98th American Meteorological Society Annual Meeting,article,,https://ams.confex.com/ams/98Annual/webprogram/Paper333056.html,closed,False,0,https://openalex.org/W2787627058
HYSPLIT,core_or_named_application,2018,Evaluation of turbulent mixing in HYSPLIT using measurements from controlled tracer experiments,Fong Ngan; Ariel Stein; Christopher P. Loughner,AGU Fall Meeting Abstracts,conference-abstract,,https://ui.adsabs.harvard.edu/abs/2018AGUFM.A31K3044N/abstract,closed,False,0,https://openalex.org/W3096416056
HYSPLIT,core_or_named_application,2018,Incorporation of STILT features into HYSPLIT,Christopher P. Loughner; Ariel Stein; Jintai Lin,AGU Fall Meeting Abstracts,conference-abstract,,http://ui.adsabs.harvard.edu/abs/2018AGUFM.A31K3049L/abstract,closed,False,0,https://openalex.org/W3157647629
HYSPLIT,core_or_named_application,2018,Investigating plume origins detected by lidar and aircraft during a high-ozone event in the Chesapeake Bay using HYSPLIT backward trajectories during the 2017 OWLETS campaign,L. A. Rodio; Megan E. Buzanowicz; T. Berkoff; Guillaume Gronoff; T. Canty,AGUFM,article,,https://ui.adsabs.harvard.edu/abs/2018AGUFM.A41H3048R/abstract,closed,False,0,https://openalex.org/W3035622458
HYSPLIT,core_or_named_application,2018,"Investigating the influence of moisture sources and trajectories on monthly isotopic composition of precipitation using daily weather station data, HYSPLIT backward trajectory modeling, and moisture uptake analysis",Zhengyu Xia,AGU Fall Meeting Abstracts,conference-abstract,,http://ui.adsabs.harvard.edu/abs/2018AGUFMPP21F1488X/abstract,closed,False,0,https://openalex.org/W3135827256
HYSPLIT,core_or_named_application,2018,MACCS-HYSPLIT Atmospheric Transport and Dispersion Model Benchmarking.,Daniel James Clayton,OSTI OAI (U.S. Department of Energy Office of Scientific and Technical Information),other,,https://www.osti.gov/servlets/purl/1455374,green,True,0,https://openalex.org/W4297683761
HYSPLIT,core_or_named_application,2018,Modeling Transport of Windblown Soil Using HYSPLIT,Naomi O. Riches,ISEE Conference Abstracts,conference-abstract,https://doi.org/10.1289/isesisee.2018.p01.0650,https://doi.org/10.1289/isesisee.2018.p01.0650,closed,False,0,https://openalex.org/W2990501662
HYSPLIT,core_or_named_application,2018,Simulations of atmospheric dispersion of large forest fires emissions in Catalonia with the HYSPLIT model,Bountouraby Balde; Cristina Vega‐García,EGU General Assembly Conference Abstracts,conference-paper,,https://ui.adsabs.harvard.edu/abs/2018EGUGA..2014860B/abstract,closed,False,0,https://openalex.org/W2991002383
HYSPLIT,core_or_named_application,2018,"Study of a dusty day by using satellite data, HYSPLIT meteorological model and ground-based measurements over Tehran city",Ahmad Assar Enayati; Ali Bayat,Optics and Photonics Society of Iran,article,,http://opsi.ir/article-1-1503-en.html,closed,False,0,https://openalex.org/W2901678686
HYSPLIT,core_or_named_application,2018,Using Tracer Experiment Data to Test and Evaluate the HYSPLIT Lagrangian Model Inverse System,Ariel Stein,98th American Meteorological Society Annual Meeting,article,,https://ams.confex.com/ams/98Annual/webprogram/Paper334255.html,closed,False,0,https://openalex.org/W2789194533
HYSPLIT,core_or_named_application,2018,Validating the combined PLUME-MoM and HYSPLIT numerical models using field data from Ecuadorian volcanoes,Alessandro Tadini; G. Guillin; Olivier Roche; Pablo Samaniego; N. Azzoui; Mathieu Gouhier; Mattia de’ Michieli Vitturi; Federica Pardini; Benjamin Bernard; Jean‐Luc Le Pennec; Silvana Hidalgo,HAL (Le Centre pour la Communication Scientifique Directe),conference-paper,,https://hal.uca.fr/hal-02453916,closed,False,0,https://openalex.org/W3107829679
HYSPLIT,core_or_named_application,2018,بررسی پراکندگی جوی مواد از حادثهی فرضی در نیروگاه هستهای ارمنستان طراحیشده بر اساس حادثهی فوکوشیما با استفاده از مدل HYSPLIT,مهدیه میرزائی نیا; محمد رضا شجاعی; احسان ابراهیمی بسابی,مجله سنجش و ایمنی پرتو,article,,http://rsm.kashanu.ac.ir/article-1-380-fa.html,closed,False,0,https://openalex.org/W2941786314
HYSPLIT,core_or_named_application,2018,بررسی یک روز غباری با استفاده از دادههای ماهوارهای، مدل هواشناسی HYSPLIT و اندازه گیری های زمین-پایه برای شهر تهران,احمد عصار عنایتی; علی بیات,انجمن اپتیک و فوتونیک ایران,article,,http://opsi.ir/browse.php?a_id=1503&sid=1&slc_lang=fa,closed,False,0,https://openalex.org/W2810550342
HYSPLIT,core_or_named_application,2018,شبیهسازی پاشش جوی و ارزیابی دز با کاربست مدل جفتشده WRF-HYSPLIT برای نیروگاه بوشهر,مسعود فیضینژاد; حسین ملکوتی; مسعود صدری نسب; سرمد قادر; دانیل یازجی,مجله ژئوفیزیک ایران,article,,http://www.ijgeophysics.ir/article_65254_c767f2d2460cc2c170add90c96d73753.pdf,closed,False,0,https://openalex.org/W2906863656
HYSPLIT,core_or_named_application,2018,شناسایی چشمهها و ردیابی مسیرهای ورود توفانهای گردوغبار از منابع داخلی به کلانشهر اراک با استفاده از مدل HYSPLIT,امیر انصاری; رضا جمشیدی,فصلنامه علوم محیطی,article,,http://envs.sbu.ac.ir/article_97894_a7cbf9e975b9b379f0d4da6e82e0da8d.pdf,closed,False,0,https://openalex.org/W2997304048
HYSPLIT,core_or_named_application,2017,Improving volcanic ash predictions with the HYSPLIT dispersion model by assimilating MODIS satellite retrievals,Tianfeng Chai; Alice Crawford; Barbara J. B. Stunder; Michael J. Pavolonis; Roland R. Draxler; Ariel Stein,Atmospheric chemistry and physics,article,https://doi.org/10.5194/acp-17-2865-2017,https://doi.org/10.5194/acp-17-2865-2017,gold,True,65,https://openalex.org/W2530435166
HYSPLIT,core_or_named_application,2017,"Coordinated profiling of stratospheric intrusions and transported pollution by the Tropospheric Ozone Lidar Network (TOLNet) and NASA Alpha Jet experiment (AJAX): Observations and comparison to HYSPLIT, RAQMS, and FLEXPART",A. O. Langford; R. J. Alvarez; J. Brioude; Stéphanie Evan; Laura T. Iraci; Guillaume Kirgis; Shi Kuang; Thierry Leblanc; M. Newchurch; R. Bradley Pierce; C. J. Senff; E. L. Yates,Atmospheric Environment,article,https://doi.org/10.1016/j.atmosenv.2017.11.031,https://doi.org/10.1016/j.atmosenv.2017.11.031,hybrid,True,57,https://openalex.org/W2768290999
HYSPLIT,core_or_named_application,2017,Forecasting volcanic ash deposition using HYSPLIT,Tony Hurst; Cory Davis,Journal of Applied Volcanology,article,https://doi.org/10.1186/s13617-017-0056-7,https://doi.org/10.1186/s13617-017-0056-7,gold,True,39,https://openalex.org/W2591707506
HYSPLIT,core_or_named_application,2017,Public member dose assessment of Bushehr Nuclear Power Plant under normal operation by modeling the fallout from stack using the HYSPLIT atmospheric dispersion model,A. Zali; Mojtaba Shamsaei Zafarghandi; S.A.H. Feghhi; Amir Masoud Taherian,Journal of Environmental Radioactivity,article,https://doi.org/10.1016/j.jenvrad.2017.01.025,https://doi.org/10.1016/j.jenvrad.2017.01.025,closed,False,36,https://openalex.org/W2583723122
HYSPLIT,core_or_named_application,2017,Source regions of ragweed pollen arriving in south-western Poland and the influence of meteorological data on the HYSPLIT model results,Daria Bilińska; Carsten Ambelas Skjøth; Małgorzata Werner; Maciej Kryza; Małgorzata Malkiewicz; Justyna Krynicka; Anetta Drzeniecka-Osiadacz,Aerobiologia,article,https://doi.org/10.1007/s10453-017-9471-9,https://doi.org/10.1007/s10453-017-9471-9,hybrid,True,30,https://openalex.org/W2574586406
HYSPLIT,core_or_named_application,2017,Identification of the sources of dust storms in the City of Ahvaz by HYSPLIT,Parya Broomandi; Bahram Dabir; Babak Bonakdarpour; Yousef Rashidi,Polymer Journal,article,,https://journal.ut.ac.ir/article_60383_9aaccd8404f42cade523e2d0844e7473.pdf,closed,False,25,https://openalex.org/W2586071541
HYSPLIT,core_or_named_application,2017,Clustering of CO and CO<sub>2</sub> concentration from Sumatra peat fire haze using HYSPLIT and K-means algorithm,Moh Nailun Ni'am; I S Sitanggang; Danang Eko Nuryanto,IOP Conference Series Earth and Environmental Science,conference-paper,https://doi.org/10.1088/1755-1315/54/1/012054,https://doi.org/10.1088/1755-1315/54/1/012054,diamond,True,9,https://openalex.org/W2586323767
HYSPLIT,core_or_named_application,2017,Trajectory and Concentration PM<sub>10</sub>on Forest and Vegetation Peat-Fire HYSPLIT Model Outputs and Observations (Period: September – October 2015),Khairullah; Sobri Effendy; Erwin Eka Syahputra Makmur,IOP Conference Series Earth and Environmental Science,conference-paper,https://doi.org/10.1088/1755-1315/58/1/012038,https://doi.org/10.1088/1755-1315/58/1/012038,diamond,True,8,https://openalex.org/W2604681169
HYSPLIT,core_or_named_application,2017,Monitoring an air pollution episode in Shenzhen by combining MODIS satellite images and the HYSPLIT model,Lili Li; Yihong Liu; Yunpeng Wang,IOP Conference Series Earth and Environmental Science,conference-paper,https://doi.org/10.1088/1755-1315/74/1/012010,https://doi.org/10.1088/1755-1315/74/1/012010,diamond,True,7,https://openalex.org/W2737848376
HYSPLIT,core_or_named_application,2017,"Modeling and Monitoring of Air Quality in Greater Cairo Region, Egypt Using Landsat-8 Images, HYSPLIT and GIS Based Analysis",Moawad Badawy Moawad; Abdel Aziz Youssief; Khaled Mohamed Madkour,,book-chapter,https://doi.org/10.1007/978-3-319-58214-6_3,https://doi.org/10.1007/978-3-319-58214-6_3,closed,False,6,https://openalex.org/W2620564510
HYSPLIT,core_or_named_application,2017,Methodology of ground aerosol sources determination based on AERONET and HYSPLIT models data results,Darya V. Kalinskaya; Oleg Kudinov,23rd International Symposium on Atmospheric and Ocean Optics: Atmospheric Physics,conference-paper,https://doi.org/10.1117/12.2287744,https://doi.org/10.1117/12.2287744,closed,False,5,https://openalex.org/W2775345758
HYSPLIT,core_or_named_application,2017,IDENTIFIKASI TRAJEKTORI DEBU VULKANIK LETUSAN GUNUNG GAMALAMA DENGAN HYSPLIT DAN METODE RGB PADA CITRA SATELIT HIMAWARI 8,Muhammad Ryan; Khafid Rizki Pratama,Jurnal Meteorologi Klimatologi dan Geofisika,article,https://doi.org/10.36754/jmkg.v4i2.44,https://jurnal.stmkg.ac.id/index.php/jmkg/user/setLocale/en_US?source=%2Findex.php%2Fjmkg%2Farticle%2Fview%2F44,closed,False,4,https://openalex.org/W2980990758
HYSPLIT,core_or_named_application,2017,Analisis Cluster Trajectory Kabut Asap Kebakaran Lahan Gambut di Sumatra Menggunakan HYSPLIT dalam Paket Opentraj,Ajeng Dwi Asti,,dissertation,,https://repository.ipb.ac.id/handle/123456789/88350,closed,False,0,https://openalex.org/W2977308027
HYSPLIT,core_or_named_application,2017,"Application of HYSPLIT-STILT to Identify Source Regions of CO2 Affecting Monitored Levels in San Jose, California",F. Freedman,97th American Meteorological Society Annual Meeting,article,,https://ams.confex.com/ams/97Annual/webprogram/Paper314077.html,closed,False,0,https://openalex.org/W2797325186
HYSPLIT,core_or_named_application,2017,Ocena kierunków napływu zanieczyszczeń powietrza z wykorzystaniem modelu HYSPLIT,Adriana Szulecka; Robert Oleniacz,,article,,https://works.bepress.com/robert_oleniacz/146/,closed,False,0,https://openalex.org/W2736495500
HYSPLIT,core_or_named_application,2017,Pengelompokan Konsentrasi Polutan CO dan CO2 dari Kabut Asap Kebakaran Lahan Gambut di Riau Menggunakan HYSPLIT Berbasis Command Prompt dan Script.,Widyalita Rindiani,,dissertation,,https://repository.ipb.ac.id/handle/123456789/83609,closed,False,0,https://openalex.org/W2619692258
HYSPLIT,core_or_named_application,2017,Pengelompokan Trayektori Kabut Asap dari Kebakaran Lahan Gambut di Provinsi Riau menggunakan Model HYSPLIT berbasis Command Prompt dan Algoritme K-Means.,Nathália,,dissertation,,https://repository.ipb.ac.id/handle/123456789/83566,closed,False,0,https://openalex.org/W2604687383
HYSPLIT,core_or_named_application,2017,"PRELIMINARY RESULTS OF BACK-TRAJECTORY ANALYSIS USING HYSPLIT AND ISOTOPIC VARIABILITY OF PRECIPITATION, NORTHWEST, ARKANSAS, USA",Mary K. Fearn; Joshua Blackstock; Phillip D. Hays,Abstracts with programs - Geological Society of America,conference-paper,https://doi.org/10.1130/abs/2017sc-289635,https://doi.org/10.1130/abs/2017sc-289635,closed,False,0,https://openalex.org/W2771051643
HYSPLIT,core_or_named_application,2017,Trajectory of atmospheric dust Sanandaj Using HYSPLIT model,دکتر برومند صلاحی; محمود بهروزی,,article,,http://repository.uma.ac.ir/id/eprint/7923/,closed,False,0,https://openalex.org/W3091032812
HYSPLIT,core_or_named_application,2016,Initializing HYSPLIT with satellite observations of volcanic ash: A case study of the 2008 Kasatochi eruption,Alice Crawford; Barbara J. B. Stunder; Fong Ngan; Michael J. Pavolonis,Journal of Geophysical Research Atmospheres,article,https://doi.org/10.1002/2016jd024779,https://doi.org/10.1002/2016jd024779,bronze,True,35,https://openalex.org/W2509929570
HYSPLIT,core_or_named_application,2016,Inverse modeling with HYSPLIT Lagrangian Dispersion Model - Tests and Evaluation using the Cross Appalachian Tracer Experiment (CAPTEX) data,Tianfeng Chai; Ariel Stein; Fong Ngan; Roland R. Draxler,AGUFM,article,,https://ui.adsabs.harvard.edu/abs/2016AGUFM.A31E0093C/abstract,closed,False,11,https://openalex.org/W3015813034
HYSPLIT,core_or_named_application,2016,"Long-Range Transport of SO2 from Continental Asia to Northeast Asia and the Northwest Pacific Ocean: Flow Rate Estimation Using OMI Data, Surface in Situ Data, and the HYSPLIT Model",Junsung Park; Jae-Yong Ryu; Dae-Won Kim; Jaeho Yeo; Hanlim Lee,Atmosphere,article,https://doi.org/10.3390/atmos7040053,https://doi.org/10.3390/atmos7040053,gold,True,11,https://openalex.org/W2322415921
HYSPLIT,core_or_named_application,2016,Improving volcanic ash predictions with the HYSPLIT dispersionmodel by assimilating MODIS satellite retrievals,Tianfeng Chai; Alice Crawford; Barbara J. B. Stunder; Michael J. Pavolonis; Roland R. Draxler; Ariel Stein,,preprint,https://doi.org/10.5194/acp-2016-750,https://doi.org/10.5194/acp-2016-750,gold,True,10,https://openalex.org/W4234666771
HYSPLIT,core_or_named_application,2016,"Dust Storm Monitoring Using HYSPLIT Model and NDDI (Case Study: Southern Cities of Shiraz, Bushehr and Fasa, Iran)",Sajad Khamooshi; Panahi Fatemeh; Abbasali Vali; Seyed Hojat Mousavi,Ecopersia,article,https://doi.org/10.18869/modares.ecopersia.4.4.1603,https://doi.org/10.18869/modares.ecopersia.4.4.1603,diamond,True,8,https://openalex.org/W2574202374
HYSPLIT,core_or_named_application,2016,Application of HYSPLIT and WRF/Chem Models to Investigate the Dust Storm Episodes,Parya Broomandi; Bahram Dabir; Babak Bonakdarpour; Yousef Rashidi,Preprints.org,preprint,https://doi.org/10.20944/preprints201610.0068.v1,https://doi.org/10.20944/preprints201610.0068.v1,green,True,3,https://openalex.org/W2567685528
HYSPLIT,core_or_named_application,2016,"High-volume rainfall events in Calgary, Alberta, Canada and their relationship to HYSPLIT back trajectories and chemical constituents",Conghui Ge; Ann‐Lise Norman; K. J. Stenhouse; B. Jansens; S. Beamish,AGUFM,article,,http://ui.adsabs.harvard.edu/abs/2016AGUFMED31B0885G/abstract,closed,False,1,https://openalex.org/W3032931169
HYSPLIT,core_or_named_application,2016,Sensitivity of HYSPLIT Back-Trajectories to the Horizontal and Vertical Resolution of the Meteorological Input Data,Lin Su; Zibing Yuan; Jimmy Chi Hung Fung; Xuejiao Deng; Alexis K.H. Lau; Tao Deng; Nan Wang; Changqin Yin,Rare & Special e-Zone (The Hong Kong University of Science and Technology),article,https://doi.org/10.16032/j.issn.1004-4965.2016.06.008,http://lbdiscover.ust.hk/uresolver?url_ver=Z39.88-2004&rft_val_fmt=info:ofi/fmt:kev:mtx:journal&rfr_id=info:sid/HKUST:SPI&rft.genre=article&rft.issn=123456789&rft.volume=32&rft.issue=6&rft.date=2016&rft.spage=864&rft.aulast=Su&rft.aufirst=Lin&rft.atitle=Sensitivity+of+HYSPLIT+back+trajectories+to+the+horizontal+and+vertical+resolution+of+the+%0Ameteorological+input+data&rft.title=J.+Trop.+Meteorol.,closed,False,1,https://openalex.org/W2767620354
HYSPLIT,core_or_named_application,2016,Air back trajectories calculating by HYSPLIT model used to explain isotope composition of rain,Avraham Dody,AGU Fall Meeting Abstracts,conference-abstract,,https://ui.adsabs.harvard.edu/abs/2016AGUFM.H33J1686D/abstract,closed,False,0,https://openalex.org/W3174270635
HYSPLIT,core_or_named_application,2016,"Analysis of Ozone Episodes in the Forest and Vegetation Areas with Using HYSPLIT Model: A Case Study of the North-West Side of Biga Peninsula, Turkey",Deniz Sarı; Selahattin İncecik; Nesimi Ozkurt,"World Academy of Science, Engineering and Technology, International Journal of Environmental and Ecological Engineering",article,,https://www.waset.org/abstracts/47948,closed,False,0,https://openalex.org/W2345963644
HYSPLIT,core_or_named_application,2016,Analysis of the evolution of the Nabro eruption stratospheric aerosol using CALIPSO and a HYSPLIT trajectory model,Ariana C. Atwell,Masters Thesis,article,,https://ui.adsabs.harvard.edu/abs/2016MsT.........12A/abstract,closed,False,0,https://openalex.org/W2605569353
HYSPLIT,core_or_named_application,2016,Bent-Hysplit Workflow Tool,Renette Jones‐Ivey; Marcus Bursik; Abani Patra; Matt Jones; Don Morton; Zhixuan Cao,,article,,https://vhub.org/resources/4095,closed,False,0,https://openalex.org/W2898653168
HYSPLIT,core_or_named_application,2016,Clustering Konsentrasi Co dan Co2 dari Kabut Asap Kebakaran Gambut Sumatra Keluaran Hysplit menggunakan Algoritme K-MEANS,Muslichatun Ni’am,,dissertation,,https://repository.ipb.ac.id/handle/123456789/85219,closed,False,0,https://openalex.org/W2623830864
HYSPLIT,core_or_named_application,2016,CMAQ-HYSPLIT Hybrid System을 이용한 Chem-History 분석,배민아; 김현철; 김병욱; 김순태,한국기상학회 학술대회 논문집,article,,http://www.dbpia.co.kr/Article/NODE07049789,closed,False,0,https://openalex.org/W2622367035
HYSPLIT,core_or_named_application,2016,"Combining HYSPLIT Modeling, Weather Radar Analysis, and Weekly USNIP δ 18 O Data to Constrain the Effect of Changing Moisture Source on Precipitation δ 18 O Values in the American Midwest",Pete D. Akers; J. M. Welker; George A. Brook,AGUFM,article,,http://ui.adsabs.harvard.edu/abs/2016AGUFMPP23E..05A/abstract,closed,False,0,https://openalex.org/W3027812692
HYSPLIT,core_or_named_application,2016,Examining Meteorological Influences on Dust-on-Snow Event Character Using the HYSPLIT Model,Philip Straub,"International Snow Science Workshop 2016 Proceedings, Breckenridge, CO, USA",conference-paper,,http://arc.lib.montana.edu/snow-science/objects/ISSW16_P1.22.pdf,closed,False,0,https://openalex.org/W2606080165
HYSPLIT,core_or_named_application,2016,HYSPLIT Model Backwards Trajectory Analysis of Southern California Atmospheric Rivers,S. M. Harris; L. V. Carvalho,AGU Fall Meeting Abstracts,conference-abstract,,https://ui.adsabs.harvard.edu/abs/2016AGUFM.A51E0110H/abstract,closed,False,0,https://openalex.org/W3093422951
HYSPLIT,core_or_named_application,2016,Implementation of routine ash predictions using a general purpose atmospheric dispersion model (HYSPLIT) adapted for calculating ash thickness on the ground.,Tony Hurst; Cory Davis; Natalia I. Deligne,EGUGA,article,,http://ui.adsabs.harvard.edu/abs/2016EGUGA..18.5133H/abstract,closed,False,0,https://openalex.org/W3002761622
HYSPLIT,core_or_named_application,2016,OMI 이산화황자료와 지점관측 이산화황 자료 및 HYSPLIT 역궤적 계산을 이용한 아시아 대륙으로부터 동북아지역 및 북서태평양으로 장거리 수송되는 이산화황 유입량 산출,Joon-Sung Park; 이한림; 홍현기; 최원이; 김대원; 여재호,한국기상학회 학술대회 논문집,article,,http://www.dbpia.co.kr/Journal/ArticleDetail/NODE06673668?q=%5Bproduct%20sound%C2%A7coldb%C2%A72%C2%A751%C2%A73%5D&Multimedia=0&isFullText=0&specificParam=0&SearchMethod=0,closed,False,0,https://openalex.org/W2474789120
HYSPLIT,core_or_named_application,2016,Review of `Improving volcanic ash predictions with the HYSPLIT dispersion model by assimilating MODIS satellite retrievals' by Chai et al,,,peer-review,https://doi.org/10.5194/acp-2016-750-rc1,https://doi.org/10.5194/acp-2016-750-rc1,gold,True,0,https://openalex.org/W4256659040
HYSPLIT,core_or_named_application,2016,Review of the paper &amp;amp;#8220;Improving volcanic ash predictions with the HYSPLIT dispersion model by assimilating MODIS satellite retrievals&amp;amp;#8221; by Chai et al.,,,peer-review,https://doi.org/10.5194/acp-2016-750-rc2,https://doi.org/10.5194/acp-2016-750-rc2,closed,False,0,https://openalex.org/W4255644383
HYSPLIT,core_or_named_application,2016,Using HYSPLIT Generated Ensembles to Improve the Simulation of Plume Dispersion and Assess Model Uncertainty.,Tianfeng Chai; Ariel Stein; Fong Ngan,AGU Fall Meeting Abstracts,conference-abstract,,http://ui.adsabs.harvard.edu/abs/2016AGUFM.A54B..04C/abstract,closed,False,0,https://openalex.org/W3165496256
HYSPLIT,core_or_named_application,2016,Выявление участков локальных радиоактивных выпадений на Северном острове Новой Земли с помощью комплекса HYSPLIT,Н.И. Костецкая; И.Н. Семенков,,article,,https://istina.msu.ru/publications/article/37577225/,closed,False,0,https://openalex.org/W2598649933
HYSPLIT,core_or_named_application,2016,ردیابی منابع گردوغبار در سطوح مختلف جو تهران با استفاده از مدل HYSPLIT,فهیمه محمدی; سمیه کمالی; مریم اسکندری,DOAJ (DOAJ: Directory of Open Access Journals),article,https://doi.org/10.22067/geo.v4i4.41109,https://doaj.org/article/c415a70d92f84d64bb464c72d247ab31,green,True,0,https://openalex.org/W2277165769
HYSPLIT,core_or_named_application,2016,初期の水平方向と垂直分解能に対するHYSPLITの後方軌跡の感度に関する研究【JST・京大機械翻訳】,Su Lin; Zibing Yuan; Jimmy Chi Hung Fung; Deng Xuejiao; Lau Alexis K H; Deng Tao; Wang Nan; Changqin Yin,Redai Qixiang Xuebao,article,,http://jglobal.jst.go.jp/public/201702247110265046,closed,False,0,https://openalex.org/W2753495625
HYSPLIT,core_or_named_application,2016,ﺷﻨﺎﺳﺎﻳﻲ ﻣﻨﺎﻃﻖ ﻣﺘﺄﺛﺮ از ﻃﻮﻓﺎن ﻫﺎی ﻏﺒﺎر ﮔﺮد و از در ﻣﻨﻄﻘﻪ ﺟﺎزﻣﻮرﻳﺎن ﺑﺎ اﺳﺘﻔﺎده ﻣﺪل ﻻﮔﺮاﻧﮋﻳﻨﻲ HYSPLIT,مریم ارجمند; علیرضا راشکی,,article,,https://profdoc.um.ac.ir/paper-abstract-1069565.html,closed,False,0,https://openalex.org/W2886671025
HYSPLIT,core_or_named_application,2015,NOAA’s HYSPLIT Atmospheric Transport and Dispersion Modeling System,Ariel Stein; Roland R. Draxler; Glenn D. Rolph; Barbara J. B. Stunder; Mark Cohen; Fong Ngan,Bulletin of the American Meteorological Society,article,https://doi.org/10.1175/bams-d-14-00110.1,https://doi.org/10.1175/bams-d-14-00110.1,closed,False,6870,https://openalex.org/W1485504984
HYSPLIT,core_or_named_application,2015,Inline Coupling of WRF–HYSPLIT: Model Development and Evaluation Using Tracer Experiments,Fong Ngan; Ariel Stein; Roland R. Draxler,Journal of Applied Meteorology and Climatology,article,https://doi.org/10.1175/jamc-d-14-0247.1,https://doi.org/10.1175/jamc-d-14-0247.1,closed,False,40,https://openalex.org/W2108508241
HYSPLIT,core_or_named_application,2015,Spatio-Temporal Distribution of Aerosol and Cloud Properties over Sindh Using MODIS Satellite Data and a HYSPLIT Model,Fozia Sharif; Khan Alam; Sheeba Afsar,Aerosol and Air Quality Research,article,https://doi.org/10.4209/aaqr.2014.09.0200,https://doi.org/10.4209/aaqr.2014.09.0200,gold,True,30,https://openalex.org/W2317571001
HYSPLIT,core_or_named_application,2015,"PySPLIT: a Package for the Generation, Analysis, and Visualization of HYSPLIT Air Parcel Trajectories",Mellissa Cross,Proceedings of the Python in Science Conferences,conference-paper,https://doi.org/10.25080/majora-7b98e3ed-014,https://doi.org/10.25080/majora-7b98e3ed-014,hybrid,True,28,https://openalex.org/W2404032773
HYSPLIT,core_or_named_application,2015,An analysis of local wind and air mass directions and their impact on Cladosporium distribution using HYSPLIT and circular statistics,Magdalena Sadyś; Roy Kennedy; Carsten Ambelas Skjøth,Fungal ecology,article,https://doi.org/10.1016/j.funeco.2015.09.006,https://doi.org/10.1016/j.funeco.2015.09.006,green,True,19,https://openalex.org/W1800985613
HYSPLIT,core_or_named_application,2015,Atmospheric Dispersion of Radioactive Material according to the Local Wind Patterns around the Kori Nuclear Power Plant using WRF/HYSPLIT Model,Hye Yeon An; Yoon‐Hee Kang; Sang-Keun Song; Jin-Hee Bang; Yoo-Keun Kim,Journal of Environmental Science International,article,https://doi.org/10.5322/jesi.2015.24.1.81,https://doi.org/10.5322/jesi.2015.24.1.81,bronze,True,12,https://openalex.org/W2079913336
HYSPLIT,core_or_named_application,2015,Comparison of CALPUFF and HYSPLIT Models for Atmospheric Dispersion Simulations of Radioactive Materials,Hye Yeon An; Yoon‐Hee Kang; Sang-Keun Song; Yoo-Keun Kim,Journal of Korean Society for Atmospheric Environment,article,https://doi.org/10.5572/kosae.2015.31.6.573,https://doi.org/10.5572/kosae.2015.31.6.573,closed,False,9,https://openalex.org/W2324504944
HYSPLIT,core_or_named_application,2015,"Characterization of pollution transport into Texas using OMI and TES satellite, GIS and in situ data, and HYSPLIT back trajectory analyses: implications for TCEQ State Implementation Plans",David A. Bella; Johnathan D. Culpepper; J. Khaimova; Nahian Ahmed; Adam Belkalai; I. Arroyo; Jane Andrews; S. Gentle; S C Emmanuel; M. Lahmouh; J. Ealy; Zayna King; Odest Chadwicke Jenkins; Dejian Fu; Yunsoo Choi; G. B. Osterman; J Gruszczyński; Dereck Skeete; Christopher S. Blaszczak-Boxe,Air Quality Atmosphere & Health,article,https://doi.org/10.1007/s11869-015-0363-2,https://doi.org/10.1007/s11869-015-0363-2,closed,False,6,https://openalex.org/W1447243948
HYSPLIT,core_or_named_application,2015,"Planetary Boundary Layer Height Estimation from Doppler Wind Lidar Measurements, Radiosonde and Hysplit Model Comparison",Gregori de Arruda Moreira; Márcia Talita Amorim Marques; Walter M. Nakaema; Anderson Camargo Moreira; Eduardo Landulfo,Optica Pura y Aplicada,article,https://doi.org/10.7149/opa.48.3.179,https://doi.org/10.7149/opa.48.3.179,bronze,True,4,https://openalex.org/W1844600627
HYSPLIT,core_or_named_application,2015,Trajectory calculation error assessment for HYSPLIT,MA Yu-fe,Journal of Nanjing University of Information Science & Technology,article,,http://en.cnki.com.cn/Article_en/CJFDTOTAL-NJXZ201501011.htm,closed,False,4,https://openalex.org/W2360347126
HYSPLIT,core_or_named_application,2015,Air pollution mapping of an urban city using Hysplit,M. L. Sworna Kokila; Geetha Srikanth; Gobinath Ravindran,Journal of Chemical and Pharmaceutical Sciences,article,,https://www.amrita.edu/publication/air-pollution-mapping-urban-city-using-hysplit,closed,False,1,https://openalex.org/W2946013641
HYSPLIT,core_or_named_application,2015,Meteorological overview and verification of HYSPLIT and AAQFS dust forecasts for the dust storm of 22-24 October 2002,A.G. Wain; S S Lee; G.A. Mills; GD HESS; M.E. Cope; N. Tindale,Australian meteorological magazine,article,https://doi.org/10.1071/es05104,https://doi.org/10.1071/es05104,hybrid,True,1,https://openalex.org/W7127382898
HYSPLIT,core_or_named_application,2015,CALPUFF와 HYSPLIT의 방사성물질 대기확산 특성 비교,안혜연; 강윤희; 송상근; 김유근,한국대기환경학회지(국문),article,,http://www.dbpia.co.kr/Journal/articleDetail?nodeId=NODE06574912,closed,False,0,https://openalex.org/W2345948370
HYSPLIT,core_or_named_application,2015,Discussion on Water Vapor Source Based on Hysplit Model and Characteristics of the Isotopes in Precipitation in Yinchuan,Fei Xie; Yanling Yu; Xiang-Nan Qin,,conference-paper,https://doi.org/10.2991/icmse-15.2015.95,https://doi.org/10.2991/icmse-15.2015.95,gold,True,0,https://openalex.org/W2296746385
HYSPLIT,core_or_named_application,2015,Estudio de la tendencia de los contaminantes criterio en algunas ciudades de la zona bajío mediante el modelo numérico HYSPLIT,E. Galvan,LA Referencia (Red Federada de Repositorios Institucionales de Publicaciones Científicas),dissertation,,http://ri-ng.uaq.mx/handle/123456789/882,closed,False,0,https://openalex.org/W3152636209
HYSPLIT,core_or_named_application,2015,HYSPLITと地4の1回の夏季の四川盆地の豪雨の水蒸気経路分析に基づく【JST・京大機械翻訳】,Jiajin Wang; Chunxue Wang; Chen Chaoping; Ren Wei,,article,,https://jglobal.jst.go.jp/detail?JGLOBAL_ID=201602286533646562,closed,False,0,https://openalex.org/W3178774364
HYSPLIT,core_or_named_application,2015,IDENTIFIKASI POLA SEBARAN SO2 PADA ERUPSI GUNUNG SINABUNG MENGGUNAKAN MODEL DISPERSI HYSPLIT Studi Kasus: Erupsi 29 Oktober 2013,Eko Heriyanto; Kadarsah Kadarsah; Radyan Putra Pradana,Jurnal Lingkungan dan Bencana Geologi,article,https://doi.org/10.34126/jlbg.v6i2.77,https://doi.org/10.34126/jlbg.v6i2.77,hybrid,True,0,https://openalex.org/W2790105887
HYSPLIT,core_or_named_application,2015,Integrating HYSPLIT with MACCS Model.,Daniel James Clayton,OSTI OAI (U.S. Department of Energy Office of Scientific and Technical Information),other,,https://www.osti.gov/biblio/1306107,green,True,0,https://openalex.org/W2625851006
HYSPLIT,core_or_named_application,2015,Trajectories of Air Parcel Motions in Mars' Atmosphere Computed Using HYSPLIT,David Bruggeman,,dissertation,https://doi.org/10.31979/etd.9kn2-vwb2,https://doi.org/10.31979/etd.9kn2-vwb2,gold,True,0,https://openalex.org/W2519230089
HYSPLIT,core_or_named_application,2015,Wild Fire Emissions for the NOAA Operational HYSPLIT Smoke Model,Ho‐Chun Huang,2015 AGU Fall Meeting,article,,https://agu.confex.com/agu/fm15/webprogram/Paper79065.html,closed,False,0,https://openalex.org/W2672106561
HYSPLIT,core_or_named_application,2014,A comparison of HYSPLIT backward trajectories generated from two GDAS datasets,Lin Su; Zibing Yuan; Jimmy Chi Hung Fung; Alexis K.H. Lau,The Science of The Total Environment,article,https://doi.org/10.1016/j.scitotenv.2014.11.072,https://doi.org/10.1016/j.scitotenv.2014.11.072,closed,False,223,https://openalex.org/W1966617311
HYSPLIT,core_or_named_application,2014,Dust storm simulation over Iran using HYSPLIT,Khosro Ashrafi; Majid Shafiepour-Motlagh; Alireza Aslemand; Sarmad Ghader,Journal of Environmental Health Science and Engineering,article,https://doi.org/10.1186/2052-336x-12-9,https://doi.org/10.1186/2052-336x-12-9,hybrid,True,117,https://openalex.org/W2159748149
HYSPLIT,core_or_named_application,2014,Modeling the fallout from stabilized nuclear clouds using the HYSPLIT atmospheric dispersion model,Glenn D. Rolph; Fong Ngan; Roland R. Draxler,Journal of Environmental Radioactivity,article,https://doi.org/10.1016/j.jenvrad.2014.05.006,https://doi.org/10.1016/j.jenvrad.2014.05.006,hybrid,True,72,https://openalex.org/W2010155089
HYSPLIT,core_or_named_application,2014,The Seasonal Variability of Aerosol Optical Depth over Bangladesh Based on Satellite Data and HYSPLIT Model,Mainul Islam Mamun,American Journal of Remote Sensing,article,https://doi.org/10.11648/j.ajrs.20140204.11,https://doi.org/10.11648/j.ajrs.20140204.11,closed,False,36,https://openalex.org/W2030131225
HYSPLIT,core_or_named_application,2014,Combining airborne gas and aerosol measurements with HYSPLIT: a visualization tool for simultaneous evaluation of air mass history and back trajectory consistency,Steffen Freitag; A. D. Clarke; S. G. Howell; В. Капустин; T. Campos; V. Brekhovskikh; Jianfeng Zhou,Atmospheric measurement techniques,article,https://doi.org/10.5194/amt-7-107-2014,https://doi.org/10.5194/amt-7-107-2014,gold,True,27,https://openalex.org/W2044167313
HYSPLIT,core_or_named_application,2014,"Fog Formation in Cold Season in Ji’nan, China: Case Analyses with Application of HYSPLIT Model",Xinfeng Wang; Jianmin Chen,Advances in Meteorology,article,https://doi.org/10.1155/2014/940956,https://doi.org/10.1155/2014/940956,gold,True,18,https://openalex.org/W2023943754
HYSPLIT,core_or_named_application,2014,"Tracing phosphorous distributions in the surficial sediments of two eastern Himalayan high altitude lakes through sequential extraction, multivariate and HYSPLIT back trajectory analyses",Jyoti Prakash Deka; Beli Baruah; Sangeeta Singh; Rahul Chaudhury; Amit Prakash; Pradip Bhattacharyya; M. Tamil Selvan; Manish Kumar,Environmental Earth Sciences,article,https://doi.org/10.1007/s12665-014-3931-0,https://doi.org/10.1007/s12665-014-3931-0,closed,False,12,https://openalex.org/W2019020326
HYSPLIT,core_or_named_application,2014,Tracing dust sources in different atmosphere levels of Tehran using hybrid single-particle lagrangian integrated trajectory (HYSPLIT) model,Fahimeh Mohammadi; Somayyeh Kamali; Maryam Eskandary,Scientific Journal of Pure and Applied Sciences,article,https://doi.org/10.14196/sjpas.v3i7.1572,https://sjournals.com/index.php/SJPAS/article/view/1572,closed,False,9,https://openalex.org/W2338753853
HYSPLIT,core_or_named_application,2014,"Hysplit atmospheric back-trajectories at 10m, 500m, 1000m, 1500m, 2000m, 2500m, 3000m, 3500m, 4000m collected during the SIPEX II voyage of the Aurora Australis, 2012",Andrew Klekociuk; Robyn Schofield,Minerva Access (University of Melbourne),dataset,https://doi.org/10.4225/15/532f83302ff88,http://hdl.handle.net/11343/56999,green,True,4,https://openalex.org/W2738039383
HYSPLIT,core_or_named_application,2014,Origen de masas de aire en cuatro ciudades de Colombia mediante el modelo HYSPLIT,Omar Ramírez,Revista de Investigación Agraria y Ambiental,article,https://doi.org/10.22490/21456453.935,https://doi.org/10.22490/21456453.935,diamond,True,4,https://openalex.org/W1861216296
HYSPLIT,core_or_named_application,2014,"Predicting the extent of the volcanic ash dispersion using GOCI image and HYSPLIT model - A case study of the 17 Sep, 2013 eruption in SAKURAJIMA volcano -",Seulki Lee; Geun-Hyeok Ryu; Eui‐Hong Hwang; Jong-Kuk Choi; Chang-Wook Lee,Korean Journal of Remote Sensing,article,https://doi.org/10.7780/kjrs.2014.30.2.12,https://doi.org/10.7780/kjrs.2014.30.2.12,closed,False,4,https://openalex.org/W1966743028
HYSPLIT,core_or_named_application,2014,Origin of air masses in four Colombian cities using HYSPLIT model.,Ramírez Hernández,Revista de Investigación Agraria y Ambiental,article,,https://www.cabdirect.org/cabdirect/abstract/20153325156,green,True,1,https://openalex.org/W2575725184
HYSPLIT,core_or_named_application,2014,Use of NCMRWF Global Model Forecasts in HYSPLIT Model - A Preprocessing System,Liji M. David; Saji Mohandas; John P. George; Gopal Iyengar; E. N. Rajagopal,,article,,http://www.ncmrwf.gov.in/HYSPLIT_TechReport(1).pdf,closed,False,1,https://openalex.org/W2551696293
HYSPLIT,core_or_named_application,2014,A Comparison of HYSPLIT Back-Trajectories Generated from GDAS1 and GDAS0P5 Data,"Fung, Jimmy Chi Hung; Lau, Alexis Kai Hon",Rare & Special e-Zone (The Hong Kong University of Science and Technology),conference-paper,,http://lbdiscover.ust.hk/uresolver?url_ver=Z39.88-2004&rft_val_fmt=info:ofi/fmt:kev:mtx:journal&rfr_id=info:sid/HKUST:SPI&rft.genre=article&rft.issn=&rft.volume=&rft.issue=&rft.date=2014&rft.spage=&rft.aulast=Su&rft.aufirst=Lin&rft.atitle=A%20comparison%20of%20HYSPLIT%20back-trajectories%20generated%20from%20GDAS1%20and%20GDAS0P5%20data&rft.title=The%204th%20International%20Workshop%20on%20Regional%20Air%20Quality%20Management%20in%20Rapidly%20Developing%20Economic%20Regions%202014%2C%20The%20Hong%20Kong%20University%20of%20Science%20and%20Technology%2C%20Hong%20Kong%2C%2014-17%20January%202014,closed,False,0,https://openalex.org/W7113485826
HYSPLIT,core_or_named_application,2014,A Comparison of HYSPLIT Back-Trajectories Generated from GDAS1 and GDAS0P5 Data,L. Joseph Su; Zibing Yuan; Jimmy Chi Hung Fung; Alexis K.H. Lau,,article,,http://lbdiscover.ust.hk/uresolver?url_ver=Z39.88-2004&rft_val_fmt=info:ofi/fmt:kev:mtx:journal&rfr_id=info:sid/HKUST:SPI&rft.genre=article&rft.issn=&rft.volume=&rft.issue=&rft.date=2014&rft.spage=&rft.aulast=Su&rft.aufirst=Lin&rft.atitle=A%20comparison%20of%20HYSPLIT%20back-trajectories%20generated%20from%20GDAS1%20and%20GDAS0P5%20data&rft.title=The%204th%20International%20Workshop%20on%20Regional%20Air%20Quality%20Management%20in%20Rapidly%20Developing%20Economic%20Regions%202014%2C%20The%20Hong%20Kong%20University%20of%20Science%20and%20Technology%2C%20Hong%20Kong%2C%2014-17%20January%202014,closed,False,0,https://openalex.org/W2733759647
HYSPLIT,core_or_named_application,2014,Adapting HYSPLIT to Mars,David Bruggeman; A. F. C. Bridger,Eighth International Conference on Mars,conference-paper,,https://ui.adsabs.harvard.edu/abs/2014LPICo1791.1026B/abstract,closed,False,0,https://openalex.org/W3139502213
HYSPLIT,core_or_named_application,2014,Análisis de la probabilidad de dispersión de polen de maíz genéticamente modificado usando el modelo HYSPLIT,Angélica Robayo-Avendaño; María Guadalupe Galindo Mendoza,Redalyc (Universidad Autónoma del Estado de México),article,,https://www.redalyc.org/articulo.oa?id=30232500005,closed,False,0,https://openalex.org/W2126517934
HYSPLIT,core_or_named_application,2014,ANÁLISIS DE LA PROBABILIDAD DE DISPERSIÓN DE POLEN DE MAÍZ GENÉTICAMENTE MODIFICADO USANDO EL MODELO HYSPLIT ANALYSIS OF DISPERSAL PROBABILITY OF GENETICALLY MODIFIED MAIZE POLLEN USING THE HYSPLIT MODEL,Angélica Robayo-Avendaño; María Guadalupe Galindo Mendoza; Colonia Lomas,,article,,http://scielo.unam.mx/pdf//agro/v48n5/v48n5a5.pdf,closed,False,0,https://openalex.org/W2184136392
HYSPLIT,core_or_named_application,2014,Atmospheric Residual Layers: WRF/HYSPLIT Modeling for Better Understanding in Complex Terrain,F. Freedman; Sen Chiao,2014 AGU Fall Meeting,article,,https://agu.confex.com/agu/fm14/webprogram/Paper26731.html,closed,False,0,https://openalex.org/W2623536339
HYSPLIT,core_or_named_application,2014,"Characterization of Pollution Transport into Texas Using OMI and TES Satellite and In Situ data, and HYSPLIT Back Trajectory Analyses: implications for TCEQ State Implementation Plans and High School/Undergraduate STEM Education",C. S. Boxe; David A. Bella; J. Khaimova; Johnathan D. Culpepper; Nahian Ahmed; Adam Belkalai; J. Ealy; I. Arroyo; M. Lahoumh; Odest Chadwicke Jenkins; S C Emmanuel; Jane Andrews; D. Fu; Li-Chung Wu; Yun‐Seok Choi; Gary A. Morris; G. B. Osterman; L. P. Johnson; Sophia Austin,2014 AGU Fall Meeting,article,,https://agu.confex.com/agu/fm14/webprogram/Paper18170.html,closed,False,0,https://openalex.org/W2513999409
HYSPLIT,core_or_named_application,2014,Dispersion Simulations Using Inline WRF-HYSPLIT for Atmospheric Studies in Complex Terrain (ASCOT) Experiment,Fong Ngan; Ariel Stein; Roland R. Draxler,2014 AGU Fall Meeting,article,,https://agu.confex.com/agu/fm14/webprogram/Paper18049.html,closed,False,0,https://openalex.org/W2611146132
HYSPLIT,core_or_named_application,2014,"Evaluation of ozone trends in southern Dona Ana County, New Mexico thru wind rose analysis and use of HYSPLIT model",Maria Aurelia Sisneros,scholarworks - UTEP (The University of Texas at El Paso),dissertation,,https://digitalcommons.utep.edu/dissertations/AAI1560212,closed,False,0,https://openalex.org/W2259413595
HYSPLIT,core_or_named_application,2014,GOCI 위성영상과 HYSPLIT 모델을 이용한 화산재 확산경로 예측,이슬기; 이창욱,대한지질학회 학술대회,article,,http://www.dbpia.co.kr/Article/NODE06076057,closed,False,0,https://openalex.org/W2242837082
HYSPLIT,core_or_named_application,2014,Long-Range Transported SO<sub>2</sub>Inflow fromAsian Continent to Korea Peninsula Using OMI SO<sub>2</sub>Data and HYSPLIT Backward Trajectory Calculations,Junsung Park; Hyunkee Hong; Wonei Choi; Hanlim Lee,Korean Journal of Remote Sensing,article,https://doi.org/10.7780/kjrs.2014.30.6.5,https://doi.org/10.7780/kjrs.2014.30.6.5,closed,False,0,https://openalex.org/W1966860930
HYSPLIT,core_or_named_application,2014,Simulated PM10 Particles in 3 location in Skopje using HYSPLIT model,Maja Ivanova; Kosta Mitreski,,article,,https://proceedings.ictinnovations.org/attachment/paper/316/simulated-pm10-particles-in-3-location-in-skopje-using-hysplit-model.pdf,closed,False,0,https://openalex.org/W3163013779
HYSPLIT,core_or_named_application,2014,The Transport of Ship Emissions in the Strait of Malacca Using a High-Resolution WRF Simulation and Low-Resolution GDAS Data Coupled with Hysplit,,DigiNole (Florida State University),article,,http://purl.flvc.org/fsu/fd/FSU_migr_etd-9000,closed,False,0,https://openalex.org/W7113719089
HYSPLIT,core_or_named_application,2014,The transport of ship emissions in the Strait of Malacca using a high-resolution WRF simulation and low-resolution GDAS data coupled with HYSPLIT,Tristan J. Hall,,article,,http://diginole.lib.fsu.edu/islandora/object/fsu%3A254435,closed,False,0,https://openalex.org/W114029351
HYSPLIT,core_or_named_application,2014,Trajectories of air parcel motions in Mars' atmosphere computed using HYSPLIT,David Bruggeman,San José State University ScholarWorks (San Jose State University),article,,https://scholarworks.sjsu.edu/etd_theses/4625,closed,False,0,https://openalex.org/W2998819449
HYSPLIT,core_or_named_application,2013,Size distribution and concentrations of heavy metals in atmospheric aerosols originating from industrial emissions as predicted by the HYSPLIT model,Bing Chen; Ariel Stein; Pabla Guerrero Maldonado; Ana M. Sánchez de la Campa; Yolanda González Castanedo; Núria Castell; Jesús de la Rosa,Atmospheric Environment,article,https://doi.org/10.1016/j.atmosenv.2013.02.013,https://doi.org/10.1016/j.atmosenv.2013.02.013,closed,False,83,https://openalex.org/W2036587124
HYSPLIT,core_or_named_application,2013,"Comparison of RIMPUFF, HYSPLIT, ADMS atmospheric dispersion model outputs, using emergency response procedures, with 85Kr measurements made in the vicinity of nuclear reprocessing plant",O. Connan; Kilian Smith; Catherine Organo; Luc Solier; Denis Maro; Didier Hébert,Journal of Environmental Radioactivity,article,https://doi.org/10.1016/j.jenvrad.2013.06.004,https://doi.org/10.1016/j.jenvrad.2013.06.004,closed,False,69,https://openalex.org/W2036601955
HYSPLIT,core_or_named_application,2013,Analysis of atmospheric dispersion of olive pollen in southern Spain using SILAM and HYSPLIT models,M.A. Hernández-Ceballos; Joana Soares; Herminia Garcı́a-Mozo; Mikhail Sofiev; J.P. Bolı́var; Carmen Galán,Aerobiologia,article,https://doi.org/10.1007/s10453-013-9324-0,https://doi.org/10.1007/s10453-013-9324-0,closed,False,30,https://openalex.org/W2022632897
HYSPLIT,core_or_named_application,2013,Analysis on the PM<sub>10</sub>Transportation Route in Gimhae Region Using the HYSPLIT Model,Woo‐Sik Jung; Jong‐Kil Park; Bo-Ram Lee; Eun-Byul Kim,Journal of Environmental Science International,article,https://doi.org/10.5322/jesi.2013.22.8.1043,https://doi.org/10.5322/jesi.2013.22.8.1043,bronze,True,5,https://openalex.org/W2049193489
HYSPLIT,core_or_named_application,2013,Assimilating airborne gas and aerosol measurements into HYSPLIT: a visualization tool for simultaneous assessment of air mass history and back trajectory reliability,Steffen Freitag; A. D. Clarke; S. G. Howell; В. Капустин; T. Campos; V. Brekhovskikh; Jianfeng Zhou,,preprint,https://doi.org/10.5194/amtd-6-5345-2013,https://doi.org/10.5194/amtd-6-5345-2013,gold,True,2,https://openalex.org/W2319350219
HYSPLIT,core_or_named_application,2013,APPLICATION OF HYSPLIT MODEL IN DEFINITION OF THE ONSET OF SOUTH CHINA SEA SUMMER MONSOON,梁卓然; 江志红; 杨浩; 刘征宇; 顾婷婷,热带气象学报：英文版,article,,http://www.cqvip.com/QK/85390X/201302/1002057495.html,closed,False,1,https://openalex.org/W1935220608
HYSPLIT,core_or_named_application,2013,Benchmarking of FLEXPART and HYSPLIT for radionuclide transport in the atmosphere,Don Morton; Monika Krysta; Jolanta Kuśmierczyk-Michulec; Dèlia Arnold,EGU General Assembly Conference Abstracts,conference-paper,,http://ui.adsabs.harvard.edu/abs/2013EGUGA..15.6169M/abstract,closed,False,0,https://openalex.org/W2989820428
HYSPLIT,core_or_named_application,2013,Ensemble Volcanic Aerosol Forecasting in Hawaii using a Parallelized version of the Hysplit Dispersion Model,A. Pattantyus; Steven Businger,AGUFM,article,,https://ui.adsabs.harvard.edu/abs/2013AGUFM.A23E0300P/abstract,closed,False,0,https://openalex.org/W2997074598
HYSPLIT,core_or_named_application,2013,High PM 10 episodes analysis using WRF/HYSPLIT model,Bo-Ram Lee; Woo‐Sik Jung; Jong‐Kil Park; Eun-Byul Kim,한국신재생에너지학회 학술대회논문집,article,,http://www.dbpia.co.kr/Journal/ArticleDetail/NODE06226130,closed,False,0,https://openalex.org/W2253458052
HYSPLIT,core_or_named_application,2013,HYSPLIT 모델기반의 화산재 확산 사례 연구,이슬기; 이재복; 황의홍; 김영화; 이창욱,대한지질학회 학술대회,article,,http://www.dbpia.co.kr/Journal/ArticleDetail/NODE02303158?q=%5Bproduct%20sound%C2%A7coldb%C2%A72%C2%A751%C2%A73%5D&Multimedia=0&isFullText=0,closed,False,0,https://openalex.org/W1506847879
HYSPLIT,core_or_named_application,2013,HYSPLIT 모델을 이용한 김해지역의 PM10 수송 경로 분석,정우식; 박종길; 이보람; 김은별,한국환경과학회지,article,,http://www.papersearch.net/google_link/fulltext.asp?file_name=23106299.pdf,closed,False,0,https://openalex.org/W2565181000
HYSPLIT,core_or_named_application,2013,Identifying the Volcanic Source of Disconnected Ash Clouds using the HYSPLIT Dispersion Model,D. A. Williams; M. S. Ramsey; Bobak Karimi,AGU Fall Meeting Abstracts,conference-abstract,,https://ui.adsabs.harvard.edu/abs/2013AGUFMNH23C1538W/abstract,closed,False,0,https://openalex.org/W2990160781
HYSPLIT,core_or_named_application,2013,"Supplementary material to ""Assimilating airborne gas and aerosol measurements into HYSPLIT: a visualization tool for simultaneous assessment of air mass history and back trajectory reliability""",Steffen Freitag; A. D. Clarke; S. G. Howell; V. N. Kapustin; T. Campos; V. L. Brekhovskikh; J. Zhou,,supplementary-materials,https://doi.org/10.5194/amtd-6-5345-2013-supplement,https://doi.org/10.5194/amtd-6-5345-2013-supplement,closed,False,0,https://openalex.org/W4245145544
HYSPLIT,core_or_named_application,2013,Utilizing Surface Observations and Modeling with HYSPLIT to Assess Low-Level Stability for the Targeting of Cloud Seeding Material,David P. Yorty,,article,,,closed,False,0,https://openalex.org/W2807196242
HYSPLIT,core_or_named_application,2013,بررسی تشکیل و انتشار طوفانهای گرد و خاک ورودی به غرب و جنوبغرب ایران با استفاده از مدل پخش لاگرانژی ذرات HYSPLIT,امیر ریوندی; مجید میررکنی; امیر محمدیها,پژوهش های اقلیم شناسی,article,,http://clima.irimo.ir/article_14128_9e42a4d6663523b7b18bf4509929d7e9.pdf,closed,False,0,https://openalex.org/W2476163426
HYSPLIT,core_or_named_application,2013,봄철 고농도 미세먼지 사례에 대한 HYSPLIT 군집분석,박재형; 이화운; 박창현; 김동혁; 이현미,한국대기환경학회 학술대회논문집,article,,http://www.dbpia.co.kr/Article/3242807,closed,False,0,https://openalex.org/W1496487087
HYSPLIT,core_or_named_application,2013,봄철 고농도 미세먼지 사례에 대한 WRF/HYSPLIT 군집 분석,박재형; 이화운; 김동혁; 이현미; 이순환,한국기상학회 학술대회 논문집,article,,http://www.dbpia.co.kr/Journal/ArticleDetail/NODE02161972,closed,False,0,https://openalex.org/W2169190399
HYSPLIT,core_or_named_application,2012,"A Comparison in the Accuracy of Mapping Nuclear Fallout Patterns Using HPAC, HYSPLIT, DELFIC FPT and an AFIT FORTRAN95 Fallout Deposition Code",April D. Miller,,book,,https://apps.dtic.mil/dtic/tr/fulltext/u2/a538272.pdf,closed,False,3,https://openalex.org/W2802251724
HYSPLIT,core_or_named_application,2012,"Cluster Analysis of the Trajectories for Forecasted Transport of Air Pollutants using WRF and HYSPLIT Models over Istanbul for January and July, 2009",M. Acar; C. Ballı; Fatma Zoroğlu Çağlar; Erna Tan; Barış Önol; Haldun Karan; Yurdanur Ünal,EGU General Assembly Conference Abstracts,conference-paper,,http://ui.adsabs.harvard.edu/abs/2012EGUGA..14.8583A/abstract,closed,False,0,https://openalex.org/W3086378114
HYSPLIT,core_or_named_application,2012,Penggunaan Hybrid Single-Particle Lagrangian Integrated Trajectory (HYSPLIT) untuk Simulasi Sebaran Polutan NO2 dan SO2,Farrahdhina Fairuzi,,article,,https://repository.ipb.ac.id/handle/123456789/57704,closed,False,0,https://openalex.org/W2657669971
HYSPLIT,core_or_named_application,2012,"The Figure of Merit in Space (FMS) and Probability Analyses of the Concentrations for Forecasted Transport of Particles using the WRF and HYSPLIT Models over Istanbul for January and July, 2009.",C. Ballı; M. Acar; Fatma Zoroğlu Çağlar; Elçin Tan; Barış Önol; Haldun Karan; Yurdanur Ünal,EGU General Assembly Conference Abstracts,conference-paper,,http://ui.adsabs.harvard.edu/abs/2012EGUGA..1411910B/abstract,closed,False,0,https://openalex.org/W3023746142
HYSPLIT,core_or_named_application,2012,The study of photochemical pollution and atmospheric visibility in Tung Chung of Hong Kong by air trajectory using HYSPLIT,Qian Chen,,article,,https://theses.lib.polyu.edu.hk/handle/200/6848,closed,False,0,https://openalex.org/W2955078499
HYSPLIT,core_or_named_application,2012,WRF/HYSPLIT 모델을 이용한 김해지역 고농도 PM10 사례일 분석,정우식; 박종길; 김은별; 이보람,3. 한국방재학회 학술대회논문집,article,,http://scholar.dkyobobook.co.kr/searchDetail.laf?barcode=4010024143531,closed,False,0,https://openalex.org/W2580935910
HYSPLIT,core_or_named_application,2011,"Monitoring spatio-temporal aerosol patterns over Pakistan based on MODIS, TOMS and MISR satellite data and a HYSPLIT model",Khan Alam; Salman Qureshi; Thomas Blaschke,Atmospheric Environment,article,https://doi.org/10.1016/j.atmosenv.2011.05.055,https://doi.org/10.1016/j.atmosenv.2011.05.055,closed,False,181,https://openalex.org/W2153732053
HYSPLIT,core_or_named_application,2011,Global sand and dust storms in 2008: Observation and HYSPLIT model verification,Yaqiang Wang; Ariel Stein; Roland R. Draxler; Jesús de la Rosa; Xiaoye Zhang,Atmospheric Environment,article,https://doi.org/10.1016/j.atmosenv.2011.08.035,https://doi.org/10.1016/j.atmosenv.2011.08.035,closed,False,93,https://openalex.org/W2086669337
HYSPLIT,core_or_named_application,2011,An integrated WRF/HYSPLIT modeling approach for the assessment of PM2.5 source regions over the Mississippi Gulf Coast region,Anjaneyulu Yerramilli; Venkata Bhaskar Rao Dodla; Venkata Srinivas Challa; LaToya Myles; William R. Pendergrass; Christoph Vogel; Hari Prasad Dasari; Francis Tuluri; Julius M. Baham; Robert L. Hughes; Chuck Patrick; John H. Young; Shelton J. Swanier; Mark G. Hardy,Air Quality Atmosphere & Health,article,https://doi.org/10.1007/s11869-010-0132-1,https://doi.org/10.1007/s11869-010-0132-1,hybrid,True,56,https://openalex.org/W2015362184
HYSPLIT,core_or_named_application,2011,Regional Source Identification Using Lagrangian Stochastic Particle Dispersion and HYSPLIT Backward-Trajectory Models,Darko Koračin; Ramesh Vellore; Douglas H. Lowenthal; John G. Watson; Julide Koraćin; Travis McCord; David W. DuBois; L.‐W. Antony Chen; Naresh Kumar; Eladio Knipping; Neil Wheeler; K.J. Craig; Steve Reid,Journal of the Air & Waste Management Association,article,https://doi.org/10.3155/1047-3289.61.6.660,https://doi.org/10.3155/1047-3289.61.6.660,bronze,True,43,https://openalex.org/W2076253597
HYSPLIT,core_or_named_application,2011,Modeling PM10 Originating from Dust Intrusions in the Southern Iberian Peninsula Using HYSPLIT,Ariel Stein; Y. Wang; Jesús de la Rosa; Ana M. Sánchez de la Campa; Núria Castell; Roland R. Draxler,Weather and Forecasting,article,https://doi.org/10.1175/waf-d-10-05044.1,https://doi.org/10.1175/waf-d-10-05044.1,bronze,True,30,https://openalex.org/W2142170737
HYSPLIT,core_or_named_application,2011,"Identification of potential sources and transport pathways of atmospheric PM<sub>10</sub>using HYSPLIT and hybrid receptor modelling in Lanzhou, China",Nana Liu; Yongqiang Yu; J. B. Chen; Jianjun He; Suping Zhao,WIT transactions on ecology and the environment,conference-paper,https://doi.org/10.2495/air110061,https://doi.org/10.2495/air110061,bronze,True,8,https://openalex.org/W2327498958
HYSPLIT,core_or_named_application,2011,Simulated Regional PM10 Dispersion from Agricultural Tilling Operations Using HYSPLIT,Jingzhong Wang; T. W. Sammis; David R. Miller; April L. Hiscox; David Granucci; B. HolmÃ©n; John Kasumba; Manoj K. Shukla; Siginer Dennis; Xin Zhang,Transactions of the ASABE,article,https://doi.org/10.13031/2013.39855,https://doi.org/10.13031/2013.39855,closed,False,3,https://openalex.org/W1978194276
HYSPLIT,core_or_named_application,2011,Air-pollution emergency warning system proposed based on HYSPLIT dispersion model——a case application in Tianjin Harbor industrial park,Xuan Wang,Applied Mechanics and Materials,article,,http://en.cnki.com.cn/Article_en/CJFDTOTAL-AQHJ201103019.htm,closed,False,1,https://openalex.org/W2364378277
HYSPLIT,core_or_named_application,2011,Aplicación del Modelo HYSPLIT en estudios de contaminación atmosférica en la estación regional La Palma. Estudios de Caso,Yanssel Gómez Zamora; Osvaldo Cuesta Santos,DOAJ (DOAJ: Directory of Open Access Journals),article,,https://doaj.org/article/b08c2f33d7a64227941454f1878085e9,closed,False,0,https://openalex.org/W2942324635
HYSPLIT,core_or_named_application,2011,Biomass Burning Analysis in Eastern China Using Aerosol Optical Depth Data and HYSPLIT Model,Hui Xu; Yong Xue; Yingjie Li; Jie Guang; Linlu Mei; Ying Wang,ESASP,article,,https://ui.adsabs.harvard.edu/abs/2011ESASP.688E..36X/abstract,closed,False,0,https://openalex.org/W3032598700
HYSPLIT,core_or_named_application,2011,Forward trajectory analysis of wheat aphids during long-distance migration using HYSPLIT model,Yazhong Cao,,article,,https://en.cnki.com.cn/Article_en/CJFDTOTAL-STXB201103035.htm,closed,False,0,https://openalex.org/W2353948989
HYSPLIT,core_or_named_application,2011,بررسی علل و عوامل وقوع طوفان گرد و غبار و مدل سازی این پدیده با استفاده از نرم افزار HYSPLIT,اشرفی زاده خسرو; شفیع پورمطلق مجید; اصلمند علیرضا,,article,,https://www.civilica.com/Paper-CEE05-CEE05_680=%D8%A8%D8%B1%D8%B1%D8%B3%DB%8C-%D8%B9%D9%84%D9%84-%D9%88-%D8%B9%D9%88%D8%A7%D9%85%D9%84-%D9%88%D9%82%D9%88%D8%B9-%D8%B7%D9%88%D9%81%D8%A7%D9%86-%DA%AF%D8%B1%D8%AF-%D9%88-%D8%BA%D8%A8%D8%A7%D8%B1-%D9%88-%D9%85%D8%AF%D9%84-%D8%B3%D8%A7%D8%B2%DB%8C-%D8%A7%DB%8C%D9%86-%D9%BE%D8%AF%DB%8C%D8%AF%D9%87-%D8%A8%D8%A7-%D8%A7%D8%B3%D8%AA%D9%81%D8%A7%D8%AF%D9%87-%D8%A7%D8%B2-%D9%86%D8%B1%D9%85-%D8%A7%D9%81%D8%B2%D8%A7%D8%B1-HYSPLIT.html,closed,False,0,https://openalex.org/W2596019840
HYSPLIT,core_or_named_application,2010,HYSPLIT (HYbrid Single-Particle Lagrangian Integrated Trajectory) Model access via NOAA ARL READY Website,Roland R. Draxler,Medical Entomology and Zoology,article,,https://ci.nii.ac.jp/naid/10026966543,closed,False,1731,https://openalex.org/W2997530361
HYSPLIT,core_or_named_application,2010,"Identification of regional atmospheric PM10 transport pathways using HYSPLIT, MM5-CMAQ and synoptic pressure pattern analysis",F. Wang; D.S. Chen; Shuiyuan Cheng; Jianbing Li; M. J. Li; Zeyu Ren,Environmental Modelling & Software,article,https://doi.org/10.1016/j.envsoft.2010.02.004,https://doi.org/10.1016/j.envsoft.2010.02.004,closed,False,158,https://openalex.org/W2102687794
HYSPLIT,core_or_named_application,2010,Source apportionment for African dust outbreaks over the Western Mediterranean using the HYSPLIT model,Miguel Escudero; Ariel Stein; Roland R. Draxler; Xavier Querol; Andrés Alástuey; Sonia Castillo; Anna Àvila,Atmospheric Research,article,https://doi.org/10.1016/j.atmosres.2010.12.002,https://doi.org/10.1016/j.atmosres.2010.12.002,closed,False,75,https://openalex.org/W2070785074
HYSPLIT,core_or_named_application,2010,PREDICTIONS OF DISPERSION AND DEPOSITION OF FALLOUT FROM NUCLEAR TESTING USING THE NOAA-HYSPLIT METEOROLOGICAL MODEL,Brian Moroz; Harold L. Beck; André Bouville; Steven L. Simon,Health Physics,article,https://doi.org/10.1097/hp.0b013e3181b43697,https://doi.org/10.1097/hp.0b013e3181b43697,closed,False,39,https://openalex.org/W1967877460
HYSPLIT,core_or_named_application,2010,Statistical comparison between Hysplit sounding and lidar observation of planetary boundary layer characteristics over New York City,Chuen‐Meei Gan; Yonghua Wu; Barry Gross; Fred Moshary,"Proceedings of SPIE, the International Society for Optical Engineering/Proceedings of SPIE",conference-paper,https://doi.org/10.1117/12.849705,https://doi.org/10.1117/12.849705,closed,False,13,https://openalex.org/W2029507864
HYSPLIT,core_or_named_application,2010,A Comparative Study between FLEXPART-WRF and HYSPLIT in an Operational Setting: Analysis of Fire Emissions across complex geography using WRF,Lara Elizabeth Pagano,NCSU Libraries Repository (North Carolina State University Libraries),other,,http://www.lib.ncsu.edu/resolver/1840.16/6293,closed,False,8,https://openalex.org/W2523284575
HYSPLIT,core_or_named_application,2010,Forecasting air quality by integration of satellite data and hysplit trajectory model,Jie Guang; Yong Xue; Linlu Mei; Yingjie Li; Ying Wang; Hui Xu; Jianping Guo,,conference-paper,https://doi.org/10.1109/igarss.2010.5649461,https://doi.org/10.1109/igarss.2010.5649461,closed,False,2,https://openalex.org/W2166451173
HYSPLIT,core_or_named_application,2010,Investigation of the long-distance transports of Puccinia striiformis f.sp. tritici in China using HYSPLIT-4 model,Haiguang Wang; Yang Xiao-bing; Zhanhong Ma,Zhongguo Nongye Daxue xuebao,article,,https://en.cnki.com.cn/Article_en/CJFDTOTAL-NYDX201005012.htm,closed,False,2,https://openalex.org/W2991657833
HYSPLIT,core_or_named_application,2010,Modelling and Evaluation of PM10 source regions over Portugal using high resolution WRF/HYSPLIT models,Hari Prasad Dasari,EGU General Assembly Conference Abstracts,conference-abstract,,http://meetingorganizer.copernicus.org/EGU2010/EGU2010-12224.pdf,closed,False,0,https://openalex.org/W335654828
HYSPLIT,core_or_named_application,2010,Near Real{time Data Assimilation for the HYSPLIT Aerosol Dispersion Model,K. Kalpakis; Shuwen Yang; Ya. Yesha,AGU Fall Meeting Abstracts,conference-abstract,,http://ui.adsabs.harvard.edu/abs/2010AGUFMIN31A1266K/abstract,closed,False,0,https://openalex.org/W2994217739
HYSPLIT,core_or_named_application,2010,Spain HYSPLIT,Manuel Bago Cobo,Repositorio Institucional de la Universidad de Huelva,conference-paper,,http://hdl.handle.net/10272/4125,closed,False,0,https://openalex.org/W7131763017
HYSPLIT,core_or_named_application,2009,A meteorological analysis of ozone episodes using HYSPLIT model and surface data,Wenpo Shan; Yongquan Yin; Haixia Lu; Shuxuan Liang,Atmospheric Research,article,https://doi.org/10.1016/j.atmosres.2009.03.007,https://doi.org/10.1016/j.atmosres.2009.03.007,closed,False,91,https://openalex.org/W2076086049
HYSPLIT,core_or_named_application,2009,Configuring the HYSPLIT Model for National Weather Service Forecast Office and Spaceflight Meteorology Group Applications,Joseph G. Dreher,NASA STI Repository (National Aeronautics and Space Administration),other,,http://hdl.handle.net/2060/20090023414,green,True,3,https://openalex.org/W1515486084
HYSPLIT,core_or_named_application,2009,Case analysis of long-distance transports of Puccinia striiformis f. sp. tritici in China using HYSPLIT-4 model.,Haiguang Wang; X. B. Yang; Zhanhong Ma,Acta Phytopathologica Sinica,article,,http://en.cnki.com.cn/Article_en/CJFDTOTAL-ZWBL200902012.htm,closed,False,1,https://openalex.org/W1933163076
HYSPLIT,core_or_named_application,2009,Challenging HYSPLIT trajectories in the equatorial Free Troposphere during PASE: Visualizing In-situ Tracers of Continental Sources and Convective Influence,Steffen Freitag; A. D. Clarke; T. L. Campos; Jixia Zhou; S. G. Howell; В. Капустин,AGU Fall Meeting Abstracts,conference-abstract,,https://ui.adsabs.harvard.edu/abs/2009AGUFM.A13B0231F/abstract,closed,False,0,https://openalex.org/W3093147209
HYSPLIT,core_or_named_application,2009,Configuring a Graphical User Interface for Managing Local HYSPLIT Model Runs Through AWIPS,Mark M. Wheeler; Peter F. Blottman; D. W. A. Sharp; Brian Hoeth; Kurt M. VanSpeybroeck,NASA Technical Reports Server (NASA),article,,https://ntrs.nasa.gov/api/citations/20130011398/downloads/20130011398.pdf,closed,False,0,https://openalex.org/W839140085
HYSPLIT,core_or_named_application,2009,Paralelización de la obtención de datos de entrada del modelo de concentraciones de HYSPLIT,Sonia González Cairós; Coromoto León Hernández; Gara Miranda Valladares; Carlos Luis Marrero de la Santa Cruz; Ariel Stein,,book,https://doi.org/10.31978/784-09-011-7,https://doi.org/10.31978/784-09-011-7,green,True,0,https://openalex.org/W2421846568
HYSPLIT,core_or_named_application,2009,Preliminary investigation of the effects of eruption source parameters on volcanic ash transport and dispersion modeling using HYSPLIT,Barbara J. B. Stunder,AGU Fall Meeting Abstracts,conference-abstract,,https://ui.adsabs.harvard.edu/abs/2009AGUFM.V31A1942S/abstract,closed,False,0,https://openalex.org/W3047760099
HYSPLIT,core_or_named_application,2009,Spain Hysplit: Sistema web para la ejecución de un modelo de transporte y dispersión,Manuel Bago Cobo; María José Cadenas Montes; Yaqiang Wang; Ana María Sánchez de la Campa Verdona; Ariel Stein; José Prenda Marín; Jesús de la Rosa Díaz,,article,,http://rabida.uhu.es/dspace/handle/10272/3795,closed,False,0,https://openalex.org/W1750957357
HYSPLIT,core_or_named_application,2009,Spain Hysplit: Sistema web para la ejecución de un modelo de transporte y dispersión [Póster],Manuel Bago Cobo; María José Cadenas Montes; Yaqiang Wang; Ana María Sánchez de la Campa Verdona; Ariel Stein; José Prenda Marín; Jesús de la Rosa Díaz,Repositorio Institucional de la Universidad de Huelva,conference-abstract,,http://hdl.handle.net/10272/3795,green,True,0,https://openalex.org/W7135522312
HYSPLIT,core_or_named_application,2008,"Identification of dust transport pathways from Lake Eyre, Australia using Hysplit",Hamish A. McGowan; Andrew Clark,Atmospheric Environment,article,https://doi.org/10.1016/j.atmosenv.2008.05.053,https://doi.org/10.1016/j.atmosenv.2008.05.053,closed,False,147,https://openalex.org/W2071279220
HYSPLIT,core_or_named_application,2008,Sensitivity of atmospheric dispersion simulations by HYSPLIT to the meteorological predictions from a meso-scale model,Venkata Srinivas Challa; Jayakumar Indrcanti; Julius M. Baham; Chuck Patrick; Monika K. Rabarison; John H. Young; Robert L. Hughes; Shelton J. Swanier; Mark G. Hardy; Anjaneyulu Yerramilli,Environmental Fluid Mechanics,article,https://doi.org/10.1007/s10652-008-9098-z,https://doi.org/10.1007/s10652-008-9098-z,closed,False,42,https://openalex.org/W1988556494
HYSPLIT,core_or_named_application,2008,"Avaliação da qualidade das águas de chuva de Florianópolis, Tubarão, Criciúma e São Martinho, com ênfase na caracterização das influências marinhas e continentais simuladas utilizando o modelo hysplit",Renata Fátima Martins,LA Referencia (Red Federada de Repositorios Institucionales de Publicaciones Científicas),dissertation,,http://repositorio.ufsc.br/xmlui/handle/123456789/90987,green,True,1,https://openalex.org/W2160454974
HYSPLIT,core_or_named_application,2008,Characterization of Smoke Injection Into the UT/LS From Biomass Burning. 2. Methodology Expansion Using the HYSPLIT Trajectory Model,M. B. Follette; M. D. Fromm; Hong Guan; J. Lopez; Laura T. Iraci,AGU Fall Meeting Abstracts,conference-abstract,,https://ui.adsabs.harvard.edu/abs/2008AGUFM.A31D0127F/abstract,closed,False,0,https://openalex.org/W3155319419
HYSPLIT,core_or_named_application,2008,HYSPLIT back trajectories for potential source contribution function studies of trans boundary pollution episodes (pscfV6).,J. H. Crawford; David D. Cohen,The Australian Nuclear Science and Technology Organisation Institutional Repository (The Australian Nuclear Science and Technology Organisation),other,,http://apo.ansto.gov.au/dspace/handle/10238/2471,closed,False,0,https://openalex.org/W3214520032
HYSPLIT,core_or_named_application,2007,Using Reverse Air Trajectory (HYSPLIT) to Identify Potential Sources of Hg and Jurisdictional Rule,Mary Miller Phillips,Epidemiology,article,https://doi.org/10.1097/01.ede.0000276685.39122.d2,https://doi.org/10.1097/01.ede.0000276685.39122.d2,closed,False,2,https://openalex.org/W2438631639
HYSPLIT,core_or_named_application,2006,Determination of the contribution of northern Africa dust source areas to PM10 concentrations over the central Iberian Peninsula using the Hybrid Single‐Particle Lagrangian Integrated Trajectory model (HYSPLIT) model,Miguel Escudero; Ariel Stein; Roland R. Draxler; Xavier Querol; Andrés Alástuey; Sonia Castillo; Anna Àvila,Journal of Geophysical Research Atmospheres,article,https://doi.org/10.1029/2005jd006395,https://doi.org/10.1029/2005jd006395,closed,False,144,https://openalex.org/W2028008219
HYSPLIT,core_or_named_application,2006,ハイブリッド単一粒子ラグランジェ型積分流跡線(HYSPLIT)モデルを使ったイベリア半島中部におけるPM10濃度に対する北アフリカダスト源域の寄与の判定,M Escudero; A. F. Stein; R R Draxler; X Querol; A Alastuey; S Castillo; A Avila,Journal of Geophysical Research Atmospheres,article,,https://jglobal.jst.go.jp/detail?JGLOBAL_ID=200902217100990424,closed,False,0,https://openalex.org/W2809311547
HYSPLIT,core_or_named_application,2002,HYSPLIT Model Estimates of Atmospheric Deposition of Toxic Contaminants to the Great Lakes (An Overview),Mark Cohen; Rachelle Laurin; Larissa Mathewson; J. F. McDonald; Debra Meyer-Wefering,,book-chapter,https://doi.org/10.1007/978-3-662-04956-3_4,https://doi.org/10.1007/978-3-662-04956-3_4,closed,False,0,https://openalex.org/W38201060
HYSPLIT,core_or_named_application,2001,Using Atmospheric (137)Cs Measurements and Hysplit to Confirm Chernobyl as a Source of (137)Cs in Europe,E. Swanberg; Steven G. Hoffert,,article,,http://citeseerx.ist.psu.edu/viewdoc/summary?doi=10.1.1.847.786,closed,False,1,https://openalex.org/W218767634
HYSPLIT,core_or_named_application,2001,"HYSPLIT modeling of Rn-222 Transport During the Year 1998 in Europe and in the Indian Ocean, Comparison with Continuous Measurements",Y. Grillon; Philippe Heinrich; Anne Chevillard,AGUFM,article,,https://ui.adsabs.harvard.edu/abs/2001AGUFM.A51F0101G/abstract,closed,False,0,https://openalex.org/W3041686270
HYSPLIT,core_or_named_application,2000,"Evaluation of the operational IDC ATM products by comparing HYSPLIT BA, FA and OMEGA FOR during Level 4 events in Scandinavia",Gerhard Wotawa; Martin Kalinowski,,article,,http://citeseerx.ist.psu.edu/viewdoc/summary?doi=10.1.1.528.1876,closed,False,1,https://openalex.org/W2139065153
HYSPLIT,core_or_named_application,1997,"Comparison of HYSPLIT-4 model simulations of the ETEX data, using meteorological input data of differing spatial and temporal resolution",Glen W. Hess; Graham Mills; Roland R. Draxler,,article,,https://inis.iaea.org/search/search.aspx?orig_q=RN:30017018,closed,False,1,https://openalex.org/W3206021725
HYSPLIT,core_or_named_application,1921,ردیابی و شبیه سازی توفان گرد وغبار شهر کرمانشاه با استفاده از مدلهای HYSPLIT و WRF-chem,طوبی علیزاده; مجید رضایی بنفشه; هاشم رستم زاده; غلامرضا گودرزی; حیدر ملکی; حمزه علیزاده,نشریه تحقیقات کاربردی علوم جغرافیایی,article,,https://jgs.khu.ac.ir/article-1-3858-fa.html,closed,False,0,https://openalex.org/W3174247359
